{
  "type": "FeatureCollection",
  "features": [
    {
      "type": "Feature",
      "geometry": {
        "type": "Polygon",
        "coordinates": [
          [
            [
              121.3906329,
              25.041863
            ],
            [
              121.3908093,
              25.0416996
            ],
            [
              121.3908103,
              25.0415316
            ],
            [
              121.3910241,
              25.0414753
            ],
            [
              121.3912112,
              25.0414847
            ],
            [
              121.3921135,
              25.041735
            ],
            [
              121.3924377,
              25.0419839
            ],
            [
              121.3926827,
              25.0420734
            ],
            [
              121.3931602,
              25.0420074
            ],
            [
              121.3935545,
              25.0419581
            ],
            [
              121.3936011,
              25.0418926
            ],
            [
              121.393487,
              25.0415915
            ],
            [
              121.3935759,
              25.0413859
            ],
            [
              121.3938243,
              25.0412979
            ],
            [
              121.3943391,
              25.0412142
            ],
            [
              121.3943555,
              25.0406843
            ],
            [
              121.3943295,
              25.0401757
            ],
            [
              121.3943605,
              25.0400674
            ],
            [
              121.3952322,
              25.0399441
            ],
            [
              121.3959355,
              25.0395495
            ],
            [
              121.3962889,
              25.0394459
            ],
            [
              121.39708,
              25.0392769
            ],
            [
              121.3975275,
              25.0384751
            ],
            [
              121.3988192,
              25.0386679
            ],
            [
              121.3990658,
              25.0385326
            ],
            [
              121.3991943,
              25.0380911
            ],
            [
              121.3992271,
              25.0376781
            ],
            [
              121.3995809,
              25.0374937
            ],
            [
              121.399797,
              25.037487
            ],
            [
              121.4002886,
              25.0376384
            ],
            [
              121.4006453,
              25.0379167
            ],
            [
              121.4007834,
              25.0379361
            ],
            [
              121.4011779,
              25.0375985
            ],
            [
              121.401261,
              25.0374121
            ],
            [
              121.4008251,
              25.0370391
            ],
            [
              121.4007695,
              25.03686
            ],
            [
              121.4011506,
              25.0364948
            ],
            [
              121.4011597,
              25.0363752
            ],
            [
              121.4009868,
              25.0362067
            ],
            [
              121.400465,
              25.0362465
            ],
            [
              121.3999946,
              25.0361867
            ],
            [
              121.3995867,
              25.0360318
            ],
            [
              121.3995457,
              25.0358658
            ],
            [
              121.3998829,
              25.0354189
            ],
            [
              121.3998741,
              25.0350397
            ],
            [
              121.4000087,
              25.0348299
            ],
            [
              121.4004203,
              25.0346725
            ],
            [
              121.4008264,
              25.0346347
            ],
            [
              121.4011247,
              25.034566
            ],
            [
              121.401203,
              25.0345104
            ],
            [
              121.4012001,
              25.0344546
            ],
            [
              121.401169,
              25.034428
            ],
            [
              121.401148,
              25.034416
            ],
            [
              121.4009378,
              25.0342726
            ],
            [
              121.4008697,
              25.0342307
            ],
            [
              121.4003988,
              25.0342089
            ],
            [
              121.3999872,
              25.0343354
            ],
            [
              121.3994535,
              25.0347615
            ],
            [
              121.3989577,
              25.0347485
            ],
            [
              121.3987335,
              25.0348355
            ],
            [
              121.3985824,
              25.0347984
            ],
            [
              121.3984878,
              25.0342688
            ],
            [
              121.3985185,
              25.0340307
            ],
            [
              121.3985387,
              25.0338603
            ],
            [
              121.3984597,
              25.0336437
            ],
            [
              121.3984966,
              25.0332438
            ],
            [
              121.3983964,
              25.0328726
            ],
            [
              121.3982357,
              25.0325125
            ],
            [
              121.398254,
              25.0323542
            ],
            [
              121.3982935,
              25.03225
            ],
            [
              121.3985787,
              25.0318916
            ],
            [
              121.3987648,
              25.0315455
            ],
            [
              121.398787,
              25.0314397
            ],
            [
              121.3986596,
              25.0313815
            ],
            [
              121.3985188,
              25.0314295
            ],
            [
              121.3983335,
              25.0315392
            ],
            [
              121.3981612,
              25.0314912
            ],
            [
              121.3980903,
              25.0314423
            ],
            [
              121.3979758,
              25.0312206
            ],
            [
              121.3979827,
              25.0311511
            ],
            [
              121.3980326,
              25.0311263
            ],
            [
              121.3983414,
              25.0309282
            ],
            [
              121.3985031,
              25.0307945
            ],
            [
              121.3985006,
              25.0305216
            ],
            [
              121.3982445,
              25.0302
            ],
            [
              121.3982364,
              25.0300797
            ],
            [
              121.3989796,
              25.029674
            ],
            [
              121.3991465,
              25.029496
            ],
            [
              121.4003437,
              25.0290519
            ],
            [
              121.4006821,
              25.0291372
            ],
            [
              121.4009842,
              25.0288181
            ],
            [
              121.4011777,
              25.0285103
            ],
            [
              121.4014419,
              25.0281945
            ],
            [
              121.4014947,
              25.0280489
            ],
            [
              121.4012054,
              25.0276095
            ],
            [
              121.4010099,
              25.0269996
            ],
            [
              121.4011515,
              25.0266617
            ],
            [
              121.4015399,
              25.0261957
            ],
            [
              121.4020461,
              25.025868
            ],
            [
              121.4026335,
              25.025724
            ],
            [
              121.4032392,
              25.0255506
            ],
            [
              121.4038704,
              25.0251531
            ],
            [
              121.4039814,
              25.0250223
            ],
            [
              121.4039301,
              25.0245571
            ],
            [
              121.4042899,
              25.0240121
            ],
            [
              121.4046845,
              25.0236572
            ],
            [
              121.4057127,
              25.0231635
            ],
            [
              121.4060332,
              25.0228382
            ],
            [
              121.40656,
              25.02248
            ],
            [
              121.4068898,
              25.0221369
            ],
            [
              121.4071797,
              25.0219198
            ],
            [
              121.4073888,
              25.021758
            ],
            [
              121.4082261,
              25.0211575
            ],
            [
              121.4088192,
              25.0207818
            ],
            [
              121.4094179,
              25.020925
            ],
            [
              121.4097494,
              25.0210056
            ],
            [
              121.4101674,
              25.0209398
            ],
            [
              121.4104583,
              25.0210801
            ],
            [
              121.410525,
              25.0210791
            ],
            [
              121.4106268,
              25.0210443
            ],
            [
              121.4107208,
              25.0209539
            ],
            [
              121.4107431,
              25.0208695
            ],
            [
              121.410702,
              25.0207321
            ],
            [
              121.4106615,
              25.0206708
            ],
            [
              121.4106433,
              25.0206027
            ],
            [
              121.4106398,
              25.0205195
            ],
            [
              121.4106631,
              25.0204301
            ],
            [
              121.410729,
              25.0202944
            ],
            [
              121.4107369,
              25.0202661
            ],
            [
              121.4107315,
              25.0201962
            ],
            [
              121.4106739,
              25.0200607
            ],
            [
              121.4106733,
              25.0199396
            ],
            [
              121.410702,
              25.0198201
            ],
            [
              121.4107415,
              25.0197698
            ],
            [
              121.4108213,
              25.0197467
            ],
            [
              121.4109008,
              25.0197688
            ],
            [
              121.4110215,
              25.0198365
            ],
            [
              121.4111123,
              25.0198193
            ],
            [
              121.4111634,
              25.0197763
            ],
            [
              121.4111955,
              25.0197314
            ],
            [
              121.4111667,
              25.0196038
            ],
            [
              121.4111148,
              25.0195445
            ],
            [
              121.4109981,
              25.0194379
            ],
            [
              121.411103,
              25.0193534
            ],
            [
              121.4113494,
              25.0192729
            ],
            [
              121.4118191,
              25.0195039
            ],
            [
              121.4121931,
              25.0195173
            ],
            [
              121.412164,
              25.0197084
            ],
            [
              121.412241,
              25.0199333
            ],
            [
              121.4123614,
              25.0202996
            ],
            [
              121.4124428,
              25.0203486
            ],
            [
              121.412655,
              25.0203376
            ],
            [
              121.4132722,
              25.019779
            ],
            [
              121.413545,
              25.0193585
            ],
            [
              121.4138465,
              25.0190702
            ],
            [
              121.4142842,
              25.0195103
            ],
            [
              121.4144665,
              25.0196018
            ],
            [
              121.4146565,
              25.019633
            ],
            [
              121.4148369,
              25.019589
            ],
            [
              121.4152475,
              25.0193601
            ],
            [
              121.4156975,
              25.0192671
            ],
            [
              121.4164634,
              25.0192384
            ],
            [
              121.4167319,
              25.0192742
            ],
            [
              121.4169782,
              25.0195088
            ],
            [
              121.4173162,
              25.0200398
            ],
            [
              121.417366,
              25.0200214
            ],
            [
              121.4179557,
              25.0195676
            ],
            [
              121.4182005,
              25.0193815
            ],
            [
              121.41854,
              25.0193815
            ],
            [
              121.418814,
              25.0193431
            ],
            [
              121.4192317,
              25.0192786
            ],
            [
              121.4194338,
              25.0191803
            ],
            [
              121.4200323,
              25.0189308
            ],
            [
              121.4204009,
              25.018679
            ],
            [
              121.4207745,
              25.0183369
            ],
            [
              121.4211614,
              25.0179863
            ],
            [
              121.4215562,
              25.0176429
            ],
            [
              121.4220616,
              25.0173138
            ],
            [
              121.4224563,
              25.017092
            ],
            [
              121.422798,
              25.0169708
            ],
            [
              121.4230585,
              25.0168856
            ],
            [
              121.4233167,
              25.016765
            ],
            [
              121.4233964,
              25.0166965
            ],
            [
              121.4234024,
              25.0165743
            ],
            [
              121.4234136,
              25.0155313
            ],
            [
              121.423453,
              25.0150873
            ],
            [
              121.4234884,
              25.0148519
            ],
            [
              121.4238443,
              25.0151088
            ],
            [
              121.4240488,
              25.0151706
            ],
            [
              121.4241029,
              25.0150402
            ],
            [
              121.4240892,
              25.0149408
            ],
            [
              121.4240593,
              25.0147727
            ],
            [
              121.4240412,
              25.0145958
            ],
            [
              121.4240421,
              25.0144623
            ],
            [
              121.4241372,
              25.0140519
            ],
            [
              121.4242917,
              25.0135451
            ],
            [
              121.4242813,
              25.0134179
            ],
            [
              121.4243143,
              25.0133327
            ],
            [
              121.4243979,
              25.0131444
            ],
            [
              121.4244912,
              25.013071
            ],
            [
              121.4246079,
              25.0130977
            ],
            [
              121.4246906,
              25.0132707
            ],
            [
              121.4247202,
              25.0133713
            ],
            [
              121.4247996,
              25.0133976
            ],
            [
              121.4248852,
              25.0133725
            ],
            [
              121.4249491,
              25.0132627
            ],
            [
              121.42483,
              25.0130512
            ],
            [
              121.4247614,
              25.0129268
            ],
            [
              121.4247683,
              25.0128274
            ],
            [
              121.4248434,
              25.0128189
            ],
            [
              121.4249535,
              25.0129144
            ],
            [
              121.4250583,
              25.0129743
            ],
            [
              121.4250802,
              25.0128603
            ],
            [
              121.4250872,
              25.0127652
            ],
            [
              121.4251455,
              25.0126782
            ],
            [
              121.4252718,
              25.0126929
            ],
            [
              121.4253614,
              25.0126667
            ],
            [
              121.4253901,
              25.0126397
            ],
            [
              121.4253859,
              25.0125364
            ],
            [
              121.4253422,
              25.0124529
            ],
            [
              121.4252307,
              25.0122815
            ],
            [
              121.4252161,
              25.0121497
            ],
            [
              121.4253416,
              25.0120953
            ],
            [
              121.4254922,
              25.0120421
            ],
            [
              121.4256445,
              25.0119671
            ],
            [
              121.4258438,
              25.0118152
            ],
            [
              121.4260987,
              25.0117527
            ],
            [
              121.4262201,
              25.0117365
            ],
            [
              121.4261522,
              25.011631
            ],
            [
              121.4261813,
              25.0115167
            ],
            [
              121.426263,
              25.0113731
            ],
            [
              121.4264432,
              25.0112486
            ],
            [
              121.4264805,
              25.0111377
            ],
            [
              121.4265145,
              25.0108236
            ],
            [
              121.426525,
              25.0106786
            ],
            [
              121.4265936,
              25.0106376
            ],
            [
              121.4266851,
              25.0106299
            ],
            [
              121.4266954,
              25.0105585
            ],
            [
              121.4267779,
              25.010475
            ],
            [
              121.4268313,
              25.0105102
            ],
            [
              121.4269331,
              25.0105585
            ],
            [
              121.4270204,
              25.0105365
            ],
            [
              121.4270835,
              25.0103783
            ],
            [
              121.4270592,
              25.0102464
            ],
            [
              121.4269719,
              25.0102113
            ],
            [
              121.4268313,
              25.0102684
            ],
            [
              121.4266615,
              25.0103695
            ],
            [
              121.4265548,
              25.0103783
            ],
            [
              121.4264884,
              25.0103327
            ],
            [
              121.4264496,
              25.0102392
            ],
            [
              121.4267051,
              25.0098728
            ],
            [
              121.4266518,
              25.0098289
            ],
            [
              121.4265451,
              25.009886
            ],
            [
              121.4264287,
              25.0099124
            ],
            [
              121.4263509,
              25.0099202
            ],
            [
              121.4263076,
              25.0098478
            ],
            [
              121.4264587,
              25.0096179
            ],
            [
              121.4264772,
              25.0093805
            ],
            [
              121.4264723,
              25.0091608
            ],
            [
              121.4265208,
              25.0089542
            ],
            [
              121.42666,
              25.0087344
            ],
            [
              121.4268555,
              25.0085674
            ],
            [
              121.4268652,
              25.0084355
            ],
            [
              121.4268604,
              25.00833
            ],
            [
              121.4268895,
              25.0082509
            ],
            [
              121.4269962,
              25.0082026
            ],
            [
              121.4271999,
              25.0082245
            ],
            [
              121.4271853,
              25.0084883
            ],
            [
              121.4272825,
              25.0085261
            ],
            [
              121.42752,
              25.0085278
            ],
            [
              121.4277479,
              25.0085102
            ],
            [
              121.4278595,
              25.0085586
            ],
            [
              121.4279274,
              25.0087256
            ],
            [
              121.4279865,
              25.008795
            ],
            [
              121.4280544,
              25.0087873
            ],
            [
              121.4280816,
              25.0085641
            ],
            [
              121.4282233,
              25.0084839
            ],
            [
              121.4285676,
              25.0083256
            ],
            [
              121.4287568,
              25.0082817
            ],
            [
              121.4288489,
              25.0081938
            ],
            [
              121.4289605,
              25.0082069
            ],
            [
              121.4290575,
              25.0082993
            ],
            [
              121.4291303,
              25.0083036
            ],
            [
              121.4291448,
              25.0082421
            ],
            [
              121.4290527,
              25.0081278
            ],
            [
              121.4289945,
              25.0080619
            ],
            [
              121.4290139,
              25.0079256
            ],
            [
              121.4291254,
              25.0077806
            ],
            [
              121.429304,
              25.0076548
            ],
            [
              121.4293337,
              25.0075029
            ],
            [
              121.4291897,
              25.0074594
            ],
            [
              121.4291211,
              25.0073972
            ],
            [
              121.4292034,
              25.007248
            ],
            [
              121.4293337,
              25.007161
            ],
            [
              121.4294572,
              25.0071672
            ],
            [
              121.4295813,
              25.0070993
            ],
            [
              121.4297123,
              25.006985
            ],
            [
              121.4297782,
              25.0069876
            ],
            [
              121.4298545,
              25.0070279
            ],
            [
              121.4298962,
              25.0068626
            ],
            [
              121.4298002,
              25.0066675
            ],
            [
              121.429663,
              25.0065456
            ],
            [
              121.4296451,
              25.0064491
            ],
            [
              121.429903,
              25.0063467
            ],
            [
              121.4299991,
              25.0061913
            ],
            [
              121.4299997,
              25.006035
            ],
            [
              121.4300721,
              25.0059123
            ],
            [
              121.4301568,
              25.005781
            ],
            [
              121.4300608,
              25.0056442
            ],
            [
              121.4300504,
              25.0054651
            ],
            [
              121.4304586,
              25.0052899
            ],
            [
              121.4306696,
              25.005056
            ],
            [
              121.4308519,
              25.0048589
            ],
            [
              121.4312746,
              25.0044211
            ],
            [
              121.4316428,
              25.0038443
            ],
            [
              121.4319,
              25.0037463
            ],
            [
              121.4321267,
              25.0034723
            ],
            [
              121.4319575,
              25.0032143
            ],
            [
              121.4315724,
              25.0029014
            ],
            [
              121.4315598,
              25.0026502
            ],
            [
              121.4314056,
              25.0024432
            ],
            [
              121.4312811,
              25.0020261
            ],
            [
              121.4312854,
              25.0016771
            ],
            [
              121.4311449,
              25.0013834
            ],
            [
              121.4310255,
              25.0011319
            ],
            [
              121.4313499,
              25.0009383
            ],
            [
              121.4311189,
              25.0004124
            ],
            [
              121.4310243,
              24.9999129
            ],
            [
              121.4304134,
              24.9980375
            ],
            [
              121.430372,
              24.9969261
            ],
            [
              121.4302436,
              24.9969794
            ],
            [
              121.4296947,
              24.9963402
            ],
            [
              121.429855,
              24.9962514
            ],
            [
              121.429714,
              24.996138
            ],
            [
              121.4295125,
              24.9958411
            ],
            [
              121.4296653,
              24.9957387
            ],
            [
              121.4296513,
              24.9953967
            ],
            [
              121.4298574,
              24.9952316
            ],
            [
              121.4300587,
              24.9952225
            ],
            [
              121.4304792,
              24.9957249
            ],
            [
              121.4309486,
              24.9962065
            ],
            [
              121.4309417,
              24.9963865
            ],
            [
              121.4307997,
              24.9967119
            ],
            [
              121.4305833,
              24.9970058
            ],
            [
              121.430682,
              24.997586
            ],
            [
              121.4308605,
              24.9983074
            ],
            [
              121.4312435,
              24.9988851
            ],
            [
              121.4317734,
              24.9993106
            ],
            [
              121.4326149,
              24.9997641
            ],
            [
              121.4332289,
              24.9999858
            ],
            [
              121.4337537,
              25.0000522
            ],
            [
              121.4342051,
              25.0000925
            ],
            [
              121.4346505,
              25.0002064
            ],
            [
              121.4347963,
              24.9996313
            ],
            [
              121.4352986,
              24.9997753
            ],
            [
              121.4353097,
              24.9999964
            ],
            [
              121.4362135,
              25.0000761
            ],
            [
              121.4363841,
              25.0001565
            ],
            [
              121.4363843,
              25.0006335
            ],
            [
              121.4365784,
              25.0013159
            ],
            [
              121.4370004,
              25.003373
            ],
            [
              121.4368384,
              25.0049471
            ],
            [
              121.4368384,
              25.0050915
            ],
            [
              121.4368384,
              25.0067967
            ],
            [
              121.4370629,
              25.0082406
            ],
            [
              121.4375691,
              25.0102674
            ],
            [
              121.4379722,
              25.0113862
            ],
            [
              121.4385913,
              25.0124645
            ],
            [
              121.4409958,
              25.0160213
            ],
            [
              121.4423564,
              25.0177337
            ],
            [
              121.4440949,
              25.0203594
            ],
            [
              121.4458685,
              25.0233532
            ],
            [
              121.4462176,
              25.024038
            ],
            [
              121.4475228,
              25.0256485
            ],
            [
              121.4490148,
              25.0276975
            ],
            [
              121.4522751,
              25.0310148
            ],
            [
              121.4529183,
              25.0315755
            ],
            [
              121.4536314,
              25.0320088
            ],
            [
              121.454959,
              25.0329733
            ],
            [
              121.4572916,
              25.0343591
            ],
            [
              121.4592138,
              25.0354329
            ],
            [
              121.4602293,
              25.0360319
            ],
            [
              121.461328,
              25.0366175
            ],
            [
              121.4638648,
              25.0377574
            ],
            [
              121.4662567,
              25.0385498
            ],
            [
              121.4662338,
              25.0387794
            ],
            [
              121.4661522,
              25.0397012
            ],
            [
              121.466151,
              25.0406884
            ],
            [
              121.4661819,
              25.0408549
            ],
            [
              121.4663441,
              25.0412316
            ],
            [
              121.4663726,
              25.0415517
            ],
            [
              121.4663216,
              25.0418997
            ],
            [
              121.4662024,
              25.0422787
            ],
            [
              121.4661596,
              25.0425357
            ],
            [
              121.4660851,
              25.0428628
            ],
            [
              121.4660329,
              25.0429729
            ],
            [
              121.4660022,
              25.043274
            ],
            [
              121.4658533,
              25.0436191
            ],
            [
              121.4658285,
              25.0438062
            ],
            [
              121.465857,
              25.0440028
            ],
            [
              121.4659388,
              25.0442426
            ],
            [
              121.4661574,
              25.0446835
            ],
            [
              121.4663515,
              25.045456
            ],
            [
              121.4665502,
              25.0459393
            ],
            [
              121.4668693,
              25.0465105
            ],
            [
              121.4670779,
              25.0468001
            ],
            [
              121.467238,
              25.0472986
            ],
            [
              121.4672365,
              25.0476297
            ],
            [
              121.4672782,
              25.0481589
            ],
            [
              121.4671953,
              25.0484545
            ],
            [
              121.467253,
              25.048835
            ],
            [
              121.4673193,
              25.0491253
            ],
            [
              121.4673898,
              25.0493262
            ],
            [
              121.4675782,
              25.0499318
            ],
            [
              121.4677933,
              25.0510603
            ],
            [
              121.4679534,
              25.0516721
            ],
            [
              121.4681135,
              25.0521298
            ],
            [
              121.4683942,
              25.0524234
            ],
            [
              121.468541,
              25.0526247
            ],
            [
              121.4686601,
              25.0529126
            ],
            [
              121.4686968,
              25.053058
            ],
            [
              121.4686807,
              25.053243
            ],
            [
              121.4686307,
              25.053374
            ],
            [
              121.4685573,
              25.0536444
            ],
            [
              121.4684521,
              25.053835
            ],
            [
              121.4683,
              25.0539027
            ],
            [
              121.4681385,
              25.0540636
            ],
            [
              121.4680676,
              25.0543403
            ],
            [
              121.4673878,
              25.0559715
            ],
            [
              121.4673555,
              25.056105
            ],
            [
              121.4673202,
              25.0564911
            ],
            [
              121.4672482,
              25.0571559
            ],
            [
              121.4672365,
              25.0573729
            ],
            [
              121.4672821,
              25.0576185
            ],
            [
              121.4673596,
              25.0579445
            ],
            [
              121.4673523,
              25.0583279
            ],
            [
              121.4673205,
              25.0586869
            ],
            [
              121.4672055,
              25.0588908
            ],
            [
              121.4669706,
              25.0592189
            ],
            [
              121.4667366,
              25.0594689
            ],
            [
              121.4663494,
              25.0600377
            ],
            [
              121.465961,
              25.0606042
            ],
            [
              121.4656368,
              25.0614456
            ],
            [
              121.4653556,
              25.0622878
            ],
            [
              121.4651785,
              25.0629763
            ],
            [
              121.4651077,
              25.063291
            ],
            [
              121.4650711,
              25.0637044
            ],
            [
              121.4651152,
              25.0639435
            ],
            [
              121.46523,
              25.0641936
            ],
            [
              121.4652961,
              25.0647255
            ],
            [
              121.4653065,
              25.065001
            ],
            [
              121.465286,
              25.0652211
            ],
            [
              121.4655383,
              25.0655249
            ],
            [
              121.4654927,
              25.0655589
            ],
            [
              121.4651795,
              25.0657179
            ],
            [
              121.4650779,
              25.066532
            ],
            [
              121.4649556,
              25.0671012
            ],
            [
              121.4647768,
              25.0674427
            ],
            [
              121.4645712,
              25.0677412
            ],
            [
              121.4640669,
              25.0679872
            ],
            [
              121.46366,
              25.068177
            ],
            [
              121.4633695,
              25.0684192
            ],
            [
              121.4627735,
              25.0687058
            ],
            [
              121.4626406,
              25.0687556
            ],
            [
              121.4617329,
              25.0688469
            ],
            [
              121.4615266,
              25.0688266
            ],
            [
              121.4612181,
              25.068725
            ],
            [
              121.460199,
              25.06838
            ],
            [
              121.4593424,
              25.068878
            ],
            [
              121.4557265,
              25.0651801
            ],
            [
              121.4546306,
              25.0638657
            ],
            [
              121.4544579,
              25.0635581
            ],
            [
              121.453487,
              25.0635849
            ],
            [
              121.453243,
              25.0636955
            ],
            [
              121.4527185,
              25.0640918
            ],
            [
              121.4507748,
              25.0617518
            ],
            [
              121.4509228,
              25.061652
            ],
            [
              121.4510282,
              25.0614841
            ],
            [
              121.4504531,
              25.0608522
            ],
            [
              121.450375,
              25.0607664
            ],
            [
              121.450143,
              25.0608258
            ],
            [
              121.449745,
              25.0609992
            ],
            [
              121.4491345,
              25.0618088
            ],
            [
              121.4481055,
              25.062614
            ],
            [
              121.4478939,
              25.0626164
            ],
            [
              121.4477476,
              25.0626225
            ],
            [
              121.4475964,
              25.0625946
            ],
            [
              121.4475341,
              25.0623388
            ],
            [
              121.4477546,
              25.0620066
            ],
            [
              121.4477803,
              25.0617478
            ],
            [
              121.4477417,
              25.0612052
            ],
            [
              121.4478988,
              25.0611192
            ],
            [
              121.4479819,
              25.0610091
            ],
            [
              121.4480205,
              25.0609688
            ],
            [
              121.4480857,
              25.0609097
            ],
            [
              121.4481035,
              25.0608398
            ],
            [
              121.4481183,
              25.0607565
            ],
            [
              121.4480739,
              25.0605577
            ],
            [
              121.4479938,
              25.0604933
            ],
            [
              121.447887,
              25.0605228
            ],
            [
              121.4476913,
              25.0606034
            ],
            [
              121.4474896,
              25.0606652
            ],
            [
              121.4473295,
              25.0607243
            ],
            [
              121.4471486,
              25.0606571
            ],
            [
              121.4469974,
              25.0605671
            ],
            [
              121.4468287,
              25.060161
            ],
            [
              121.4469283,
              25.0598715
            ],
            [
              121.4469752,
              25.0595727
            ],
            [
              121.4465696,
              25.0593524
            ],
            [
              121.4462821,
              25.0595943
            ],
            [
              121.4459391,
              25.0596564
            ],
            [
              121.4457847,
              25.0595166
            ],
            [
              121.4457333,
              25.0592991
            ],
            [
              121.4456304,
              25.059167
            ],
            [
              121.4454161,
              25.0590468
            ],
            [
              121.4452792,
              25.0589636
            ],
            [
              121.4452186,
              25.0589663
            ],
            [
              121.4450033,
              25.0592657
            ],
            [
              121.4448972,
              25.0593673
            ],
            [
              121.4446274,
              25.0594305
            ],
            [
              121.4445698,
              25.0595266
            ],
            [
              121.4445728,
              25.0595705
            ],
            [
              121.4446062,
              25.0596474
            ],
            [
              121.444594,
              25.0597518
            ],
            [
              121.444491,
              25.0597628
            ],
            [
              121.4442545,
              25.0596804
            ],
            [
              121.4441514,
              25.0596392
            ],
            [
              121.4441089,
              25.0595898
            ],
            [
              121.4440907,
              25.0595348
            ],
            [
              121.4441514,
              25.0594332
            ],
            [
              121.4441847,
              25.059392
            ],
            [
              121.4442454,
              25.0593069
            ],
            [
              121.4444,
              25.0592767
            ],
            [
              121.4444576,
              25.0591311
            ],
            [
              121.4443818,
              25.0590981
            ],
            [
              121.4442029,
              25.059035
            ],
            [
              121.4442029,
              25.0589718
            ],
            [
              121.4442484,
              25.0588839
            ],
            [
              121.4443363,
              25.0588482
            ],
            [
              121.4444485,
              25.0586697
            ],
            [
              121.4440786,
              25.0583346
            ],
            [
              121.4435502,
              25.0581707
            ],
            [
              121.4434014,
              25.0581595
            ],
            [
              121.4426637,
              25.0580416
            ],
            [
              121.4420747,
              25.0578675
            ],
            [
              121.4415168,
              25.0576372
            ],
            [
              121.4405435,
              25.0572161
            ],
            [
              121.4401592,
              25.0570588
            ],
            [
              121.4395386,
              25.0567747
            ],
            [
              121.4394489,
              25.0566691
            ],
            [
              121.4392658,
              25.0564294
            ],
            [
              121.4391294,
              25.0562508
            ],
            [
              121.438785,
              25.0560086
            ],
            [
              121.4386745,
              25.0557777
            ],
            [
              121.4386836,
              25.0553718
            ],
            [
              121.4387301,
              25.0551587
            ],
            [
              121.4389081,
              25.0548001
            ],
            [
              121.4392635,
              25.0542105
            ],
            [
              121.439447,
              25.053941
            ],
            [
              121.4395809,
              25.0536068
            ],
            [
              121.4396741,
              25.0530276
            ],
            [
              121.4396138,
              25.0527698
            ],
            [
              121.4394306,
              25.0524377
            ],
            [
              121.4394581,
              25.0522302
            ],
            [
              121.4396597,
              25.052197
            ],
            [
              121.4400812,
              25.0523215
            ],
            [
              121.4403561,
              25.0524045
            ],
            [
              121.440411,
              25.0522551
            ],
            [
              121.4405393,
              25.0520725
            ],
            [
              121.4407409,
              25.0515827
            ],
            [
              121.4410067,
              25.0510514
            ],
            [
              121.4411441,
              25.0507526
            ],
            [
              121.4411533,
              25.0506446
            ],
            [
              121.4408234,
              25.0506114
            ],
            [
              121.4407318,
              25.0505367
            ],
            [
              121.4407776,
              25.050379
            ],
            [
              121.440915,
              25.0500635
            ],
            [
              121.4413457,
              25.0492832
            ],
            [
              121.441461,
              25.0490553
            ],
            [
              121.4416481,
              25.0486855
            ],
            [
              121.4418109,
              25.0483319
            ],
            [
              121.441923,
              25.0479471
            ],
            [
              121.4419997,
              25.0477012
            ],
            [
              121.4415609,
              25.0475868
            ],
            [
              121.4411797,
              25.0474874
            ],
            [
              121.4404688,
              25.047311
            ],
            [
              121.4401266,
              25.0471721
            ],
            [
              121.4398729,
              25.0470491
            ],
            [
              121.4399112,
              25.0469423
            ],
            [
              121.4400381,
              25.0468434
            ],
            [
              121.4402505,
              25.0466536
            ],
            [
              121.4407165,
              25.0462848
            ],
            [
              121.4412387,
              25.0457985
            ],
            [
              121.4415779,
              25.0453682
            ],
            [
              121.4417844,
              25.0449727
            ],
            [
              121.4418434,
              25.0445397
            ],
            [
              121.4418463,
              25.0442912
            ],
            [
              121.4418581,
              25.043452
            ],
            [
              121.4418699,
              25.0428668
            ],
            [
              121.4418876,
              25.0418485
            ],
            [
              121.4418849,
              25.0417693
            ],
            [
              121.4418788,
              25.0415946
            ],
            [
              121.4418699,
              25.041453
            ],
            [
              121.4418109,
              25.0414022
            ],
            [
              121.4410587,
              25.0415305
            ],
            [
              121.4409938,
              25.0415385
            ],
            [
              121.4409496,
              25.041461
            ],
            [
              121.4407224,
              25.0415118
            ],
            [
              121.4405779,
              25.0414263
            ],
            [
              121.4403655,
              25.0415225
            ],
            [
              121.4397696,
              25.0418031
            ],
            [
              121.4373469,
              25.0432115
            ],
            [
              121.4372269,
              25.0424552
            ],
            [
              121.4369154,
              25.0405362
            ],
            [
              121.4368023,
              25.0397611
            ],
            [
              121.4366745,
              25.0388569
            ],
            [
              121.4364975,
              25.0389059
            ],
            [
              121.4356777,
              25.0393841
            ],
            [
              121.4353671,
              25.0395896
            ],
            [
              121.4337403,
              25.0405875
            ],
            [
              121.4331249,
              25.0409371
            ],
            [
              121.4327512,
              25.0411909
            ],
            [
              121.4325921,
              25.0410073
            ],
            [
              121.4317074,
              25.0400699
            ],
            [
              121.431416,
              25.0396577
            ],
            [
              121.4310936,
              25.0392618
            ],
            [
              121.4309148,
              25.0393613
            ],
            [
              121.4306483,
              25.0390394
            ],
            [
              121.4302573,
              25.0384598
            ],
            [
              121.4298735,
              25.0378544
            ],
            [
              121.429248,
              25.0370365
            ],
            [
              121.4287173,
              25.0361763
            ],
            [
              121.4285412,
              25.0359874
            ],
            [
              121.4280822,
              25.0355939
            ],
            [
              121.4279614,
              25.0354844
            ],
            [
              121.4273788,
              25.0347022
            ],
            [
              121.4271591,
              25.0347337
            ],
            [
              121.4265561,
              25.0339333
            ],
            [
              121.4258839,
              25.033176
            ],
            [
              121.4255629,
              25.0328277
            ],
            [
              121.424533,
              25.032303
            ],
            [
              121.4243214,
              25.0320805
            ],
            [
              121.4240697,
              25.0318403
            ],
            [
              121.4247644,
              25.0312714
            ],
            [
              121.425272,
              25.0308598
            ],
            [
              121.4257763,
              25.0304513
            ],
            [
              121.4261804,
              25.0301487
            ],
            [
              121.4259266,
              25.0300821
            ],
            [
              121.424918,
              25.0297765
            ],
            [
              121.4234719,
              25.0293438
            ],
            [
              121.4231646,
              25.0296161
            ],
            [
              121.4228407,
              25.0299036
            ],
            [
              121.4226606,
              25.0300384
            ],
            [
              121.4225334,
              25.0301336
            ],
            [
              121.4222629,
              25.0303137
            ],
            [
              121.4219845,
              25.0304839
            ],
            [
              121.421848,
              25.0301345
            ],
            [
              121.4215558,
              25.0293298
            ],
            [
              121.4212219,
              25.0294569
            ],
            [
              121.4209603,
              25.0289149
            ],
            [
              121.4201939,
              25.0291843
            ],
            [
              121.4185224,
              25.0301682
            ],
            [
              121.4180386,
              25.0303336
            ],
            [
              121.4178017,
              25.0303515
            ],
            [
              121.4174068,
              25.0303381
            ],
            [
              121.4171762,
              25.0303091
            ],
            [
              121.4168457,
              25.0304445
            ],
            [
              121.4166362,
              25.0304463
            ],
            [
              121.4168431,
              25.0307755
            ],
            [
              121.4170551,
              25.0311185
            ],
            [
              121.4171257,
              25.0313197
            ],
            [
              121.4173326,
              25.031402
            ],
            [
              121.4174992,
              25.0317633
            ],
            [
              121.4177616,
              25.032344
            ],
            [
              121.4179105,
              25.0328396
            ],
            [
              121.4180601,
              25.0332417
            ],
            [
              121.4181272,
              25.0333679
            ],
            [
              121.418122,
              25.0335455
            ],
            [
              121.4181066,
              25.0336063
            ],
            [
              121.4175545,
              25.0337138
            ],
            [
              121.4171933,
              25.0340317
            ],
            [
              121.4170091,
              25.0345878
            ],
            [
              121.4168579,
              25.0347657
            ],
            [
              121.4163265,
              25.0348311
            ],
            [
              121.4158931,
              25.0350462
            ],
            [
              121.4155452,
              25.0350113
            ],
            [
              121.4153257,
              25.0348823
            ],
            [
              121.4150368,
              25.0346903
            ],
            [
              121.4149734,
              25.0346614
            ],
            [
              121.4148959,
              25.0344677
            ],
            [
              121.4147788,
              25.0344578
            ],
            [
              121.4137194,
              25.034766
            ],
            [
              121.4134229,
              25.0348581
            ],
            [
              121.4127721,
              25.0351218
            ],
            [
              121.4126603,
              25.0352181
            ],
            [
              121.412904,
              25.0363782
            ],
            [
              121.4130826,
              25.0371059
            ],
            [
              121.4132781,
              25.0380831
            ],
            [
              121.4132639,
              25.0385543
            ],
            [
              121.4132585,
              25.0388279
            ],
            [
              121.41314,
              25.0389522
            ],
            [
              121.4129657,
              25.039055
            ],
            [
              121.4127527,
              25.0391102
            ],
            [
              121.4121904,
              25.0390403
            ],
            [
              121.4119508,
              25.0389916
            ],
            [
              121.4117655,
              25.0390755
            ],
            [
              121.4115873,
              25.0392779
            ],
            [
              121.411339,
              25.0395761
            ],
            [
              121.4112722,
              25.0397101
            ],
            [
              121.411272,
              25.0397487
            ],
            [
              121.4114141,
              25.0398848
            ],
            [
              121.4116743,
              25.04005
            ],
            [
              121.4120185,
              25.0403007
            ],
            [
              121.4120069,
              25.0403659
            ],
            [
              121.4119716,
              25.0404628
            ],
            [
              121.4119155,
              25.0405033
            ],
            [
              121.4117655,
              25.0406746
            ],
            [
              121.4116368,
              25.0409054
            ],
            [
              121.4115939,
              25.0409285
            ],
            [
              121.4115509,
              25.0409285
            ],
            [
              121.4115068,
              25.0408986
            ],
            [
              121.4114356,
              25.0407766
            ],
            [
              121.4113659,
              25.0407183
            ],
            [
              121.4112232,
              25.0407091
            ],
            [
              121.4110431,
              25.0407885
            ],
            [
              121.4107355,
              25.040728
            ],
            [
              121.4106844,
              25.0407441
            ],
            [
              121.4106645,
              25.0407766
            ],
            [
              121.4106578,
              25.0408447
            ],
            [
              121.4107007,
              25.0409467
            ],
            [
              121.4107781,
              25.0412788
            ],
            [
              121.4107634,
              25.0416145
            ],
            [
              121.4107101,
              25.0416284
            ],
            [
              121.4106419,
              25.0416311
            ],
            [
              121.4103128,
              25.0414073
            ],
            [
              121.4101562,
              25.0412432
            ],
            [
              121.4099872,
              25.0410561
            ],
            [
              121.4098685,
              25.040934
            ],
            [
              121.4096935,
              25.0408398
            ],
            [
              121.4095654,
              25.0407962
            ],
            [
              121.4095366,
              25.0408179
            ],
            [
              121.4095098,
              25.0408787
            ],
            [
              121.4095123,
              25.0409741
            ],
            [
              121.4096135,
              25.0412143
            ],
            [
              121.4099149,
              25.0416872
            ],
            [
              121.4101628,
              25.0418775
            ],
            [
              121.4104071,
              25.0422106
            ],
            [
              121.4104593,
              25.04231
            ],
            [
              121.4104946,
              25.0424663
            ],
            [
              121.4104853,
              25.0425969
            ],
            [
              121.4104627,
              25.0427162
            ],
            [
              121.4102796,
              25.0429248
            ],
            [
              121.4100328,
              25.0430317
            ],
            [
              121.4096872,
              25.0431386
            ],
            [
              121.409643,
              25.0432164
            ],
            [
              121.4096448,
              25.0435151
            ],
            [
              121.409434,
              25.0437595
            ],
            [
              121.4090024,
              25.0441617
            ],
            [
              121.4087298,
              25.0443537
            ],
            [
              121.408363,
              25.0445353
            ],
            [
              121.4080917,
              25.0446274
            ],
            [
              121.4079777,
              25.0446693
            ],
            [
              121.407422,
              25.0447833
            ],
            [
              121.407181,
              25.0447361
            ],
            [
              121.4068833,
              25.0446777
            ],
            [
              121.4065473,
              25.0447056
            ],
            [
              121.4059307,
              25.0449263
            ],
            [
              121.4049196,
              25.0452279
            ],
            [
              121.404599,
              25.0452977
            ],
            [
              121.4041245,
              25.0452852
            ],
            [
              121.4037723,
              25.0452606
            ],
            [
              121.4035337,
              25.0453106
            ],
            [
              121.4032421,
              25.0454263
            ],
            [
              121.4030492,
              25.0454878
            ],
            [
              121.4028803,
              25.0453759
            ],
            [
              121.402275,
              25.0452403
            ],
            [
              121.4019031,
              25.0451898
            ],
            [
              121.4012125,
              25.0449675
            ],
            [
              121.3999224,
              25.044556
            ],
            [
              121.3991864,
              25.0445395
            ],
            [
              121.3988593,
              25.0441938
            ],
            [
              121.398295,
              25.0441404
            ],
            [
              121.3981934,
              25.0440349
            ],
            [
              121.3982068,
              25.0439935
            ],
            [
              121.3982557,
              25.0438986
            ],
            [
              121.3984769,
              25.0437873
            ],
            [
              121.3991773,
              25.0436258
            ],
            [
              121.3998586,
              25.0434448
            ],
            [
              121.4003271,
              25.0433917
            ],
            [
              121.4006078,
              25.0433164
            ],
            [
              121.4006757,
              25.0432345
            ],
            [
              121.4004166,
              25.0431249
            ],
            [
              121.4001126,
              25.0430287
            ],
            [
              121.3995302,
              25.0429216
            ],
            [
              121.3992769,
              25.0429527
            ],
            [
              121.3988823,
              25.0431281
            ],
            [
              121.3985686,
              25.0433494
            ],
            [
              121.3980507,
              25.0434365
            ],
            [
              121.397741,
              25.0436834
            ],
            [
              121.3974634,
              25.0436837
            ],
            [
              121.3970442,
              25.0435735
            ],
            [
              121.3969591,
              25.04344
            ],
            [
              121.3970581,
              25.0432458
            ],
            [
              121.3970269,
              25.0431846
            ],
            [
              121.3969577,
              25.0431859
            ],
            [
              121.3968294,
              25.0431092
            ],
            [
              121.3966683,
              25.0431233
            ],
            [
              121.3963735,
              25.0433507
            ],
            [
              121.3961182,
              25.0436259
            ],
            [
              121.395712,
              25.0434435
            ],
            [
              121.3955687,
              25.0434603
            ],
            [
              121.3954128,
              25.0436136
            ],
            [
              121.3951648,
              25.0436159
            ],
            [
              121.394389,
              25.0434549
            ],
            [
              121.3942152,
              25.0435095
            ],
            [
              121.3941086,
              25.0436904
            ],
            [
              121.3939286,
              25.0437787
            ],
            [
              121.3937531,
              25.0437553
            ],
            [
              121.3935603,
              25.0435801
            ],
            [
              121.393129,
              25.043613
            ],
            [
              121.3926353,
              25.0434105
            ],
            [
              121.3923286,
              25.0430923
            ],
            [
              121.3919814,
              25.0427697
            ],
            [
              121.3918056,
              25.0426702
            ],
            [
              121.3916955,
              25.042612
            ],
            [
              121.3911754,
              25.0424734
            ],
            [
              121.3910293,
              25.0422522
            ],
            [
              121.3907833,
              25.0421805
            ],
            [
              121.3906447,
              25.0419933
            ],
            [
              121.3906329,
              25.041863
            ]
          ]
        ]
      },
      "properties": {
        "name": "新北市新莊區",
        "display_name": "新莊區, 新北市, 臺灣",
        "osm_id": 2878927,
        "osm_type": "relation",
        "source": "OSM Nominatim"
      }
    },
    {
      "type": "Feature",
      "geometry": {
        "type": "Polygon",
        "coordinates": [
          [
            [
              121.4243808,
              24.9872864
            ],
            [
              121.424495,
              24.9870266
            ],
            [
              121.4248136,
              24.9866258
            ],
            [
              121.4250859,
              24.9863666
            ],
            [
              121.4252919,
              24.9859652
            ],
            [
              121.4254741,
              24.9856865
            ],
            [
              121.4255396,
              24.9854066
            ],
            [
              121.4256335,
              24.9851084
            ],
            [
              121.4259638,
              24.9846542
            ],
            [
              121.4264077,
              24.984362
            ],
            [
              121.4265245,
              24.9841574
            ],
            [
              121.4265757,
              24.9840678
            ],
            [
              121.4265835,
              24.9840541
            ],
            [
              121.4266409,
              24.9828173
            ],
            [
              121.4265075,
              24.9824076
            ],
            [
              121.4264409,
              24.9821325
            ],
            [
              121.4266118,
              24.9819405
            ],
            [
              121.4267295,
              24.9815087
            ],
            [
              121.4266407,
              24.9812403
            ],
            [
              121.4265741,
              24.9810391
            ],
            [
              121.4263594,
              24.9804957
            ],
            [
              121.4261226,
              24.9803347
            ],
            [
              121.4259216,
              24.9801181
            ],
            [
              121.4260235,
              24.9794912
            ],
            [
              121.4270967,
              24.9781605
            ],
            [
              121.4269932,
              24.9756936
            ],
            [
              121.4268157,
              24.9738485
            ],
            [
              121.4266915,
              24.972924
            ],
            [
              121.4273523,
              24.9723903
            ],
            [
              121.428796,
              24.9720883
            ],
            [
              121.4295607,
              24.9725953
            ],
            [
              121.4302821,
              24.9729404
            ],
            [
              121.4305425,
              24.9732128
            ],
            [
              121.4307028,
              24.9735034
            ],
            [
              121.4313039,
              24.9737395
            ],
            [
              121.4313451,
              24.9737645
            ],
            [
              121.4319729,
              24.9741453
            ],
            [
              121.4324056,
              24.9744815
            ],
            [
              121.4325262,
              24.9745751
            ],
            [
              121.4338886,
              24.9756648
            ],
            [
              121.4343669,
              24.9765071
            ],
            [
              121.4345922,
              24.9772308
            ],
            [
              121.4347237,
              24.9778835
            ],
            [
              121.4349597,
              24.9786966
            ],
            [
              121.4349569,
              24.9788268
            ],
            [
              121.434954,
              24.978958
            ],
            [
              121.4349145,
              24.979122
            ],
            [
              121.4347728,
              24.9794917
            ],
            [
              121.4346718,
              24.9798028
            ],
            [
              121.4347166,
              24.9806749
            ],
            [
              121.4348889,
              24.9810563
            ],
            [
              121.435082,
              24.981538
            ],
            [
              121.4352487,
              24.9818907
            ],
            [
              121.435282,
              24.9819612
            ],
            [
              121.4354145,
              24.9820934
            ],
            [
              121.4355049,
              24.9821835
            ],
            [
              121.4361053,
              24.9826034
            ],
            [
              121.4363336,
              24.98273
            ],
            [
              121.4366276,
              24.9829657
            ],
            [
              121.4369309,
              24.9831773
            ],
            [
              121.4371048,
              24.9835923
            ],
            [
              121.4372035,
              24.983778
            ],
            [
              121.437671,
              24.9845681
            ],
            [
              121.4377169,
              24.9847267
            ],
            [
              121.4377369,
              24.9849876
            ],
            [
              121.4378513,
              24.9853556
            ],
            [
              121.4380922,
              24.9858
            ],
            [
              121.438303,
              24.9864143
            ],
            [
              121.4385363,
              24.9864916
            ],
            [
              121.4388907,
              24.9865688
            ],
            [
              121.4391285,
              24.9869252
            ],
            [
              121.4393677,
              24.987431
            ],
            [
              121.4395817,
              24.9877035
            ],
            [
              121.439884,
              24.9875665
            ],
            [
              121.4400234,
              24.9882056
            ],
            [
              121.4401971,
              24.9893251
            ],
            [
              121.44034,
              24.9902011
            ],
            [
              121.4404182,
              24.9908984
            ],
            [
              121.4404541,
              24.9920594
            ],
            [
              121.4405179,
              24.9923236
            ],
            [
              121.4408866,
              24.9926577
            ],
            [
              121.4410403,
              24.992189
            ],
            [
              121.4414092,
              24.9922031
            ],
            [
              121.4419836,
              24.9922252
            ],
            [
              121.4426798,
              24.9929298
            ],
            [
              121.4429891,
              24.9924784
            ],
            [
              121.4435699,
              24.991663
            ],
            [
              121.4441645,
              24.9910246
            ],
            [
              121.4451675,
              24.9915946
            ],
            [
              121.4461276,
              24.9918453
            ],
            [
              121.4465472,
              24.9919465
            ],
            [
              121.4468311,
              24.9918544
            ],
            [
              121.4470413,
              24.9918719
            ],
            [
              121.447891,
              24.9923181
            ],
            [
              121.4489849,
              24.9925604
            ],
            [
              121.4493219,
              24.9927728
            ],
            [
              121.4496654,
              24.9930799
            ],
            [
              121.4497969,
              24.9930117
            ],
            [
              121.4497582,
              24.9929486
            ],
            [
              121.4500461,
              24.9926508
            ],
            [
              121.4501636,
              24.9924407
            ],
            [
              121.4507323,
              24.9921707
            ],
            [
              121.4515582,
              24.9917647
            ],
            [
              121.4519483,
              24.9915024
            ],
            [
              121.4521535,
              24.9913005
            ],
            [
              121.452532,
              24.9910935
            ],
            [
              121.4529092,
              24.9910048
            ],
            [
              121.4530522,
              24.9910218
            ],
            [
              121.4531704,
              24.9912328
            ],
            [
              121.4533518,
              24.9915803
            ],
            [
              121.4534084,
              24.9917443
            ],
            [
              121.4534647,
              24.9922024
            ],
            [
              121.453706,
              24.9925046
            ],
            [
              121.4537299,
              24.9926245
            ],
            [
              121.4537072,
              24.992941
            ],
            [
              121.4536843,
              24.9930978
            ],
            [
              121.4536812,
              24.993305
            ],
            [
              121.4536727,
              24.9934578
            ],
            [
              121.4536975,
              24.9935261
            ],
            [
              121.4539296,
              24.9936484
            ],
            [
              121.4541068,
              24.9937073
            ],
            [
              121.4542377,
              24.9938156
            ],
            [
              121.4543282,
              24.9940338
            ],
            [
              121.4544199,
              24.9941098
            ],
            [
              121.4543972,
              24.9941872
            ],
            [
              121.4545851,
              24.9947446
            ],
            [
              121.4546819,
              24.9951626
            ],
            [
              121.4547958,
              24.9953587
            ],
            [
              121.4548731,
              24.9957745
            ],
            [
              121.4562609,
              24.9963328
            ],
            [
              121.4562089,
              24.996058
            ],
            [
              121.4561878,
              24.9948476
            ],
            [
              121.4562228,
              24.994352
            ],
            [
              121.4566006,
              24.9931539
            ],
            [
              121.4565909,
              24.9930352
            ],
            [
              121.4565606,
              24.9926112
            ],
            [
              121.4566888,
              24.9923543
            ],
            [
              121.4567634,
              24.9921163
            ],
            [
              121.4568922,
              24.9919754
            ],
            [
              121.4569288,
              24.9916389
            ],
            [
              121.4569943,
              24.9915407
            ],
            [
              121.4571675,
              24.9914122
            ],
            [
              121.4573004,
              24.9912551
            ],
            [
              121.457619,
              24.9911795
            ],
            [
              121.4580268,
              24.9911461
            ],
            [
              121.4583064,
              24.9911506
            ],
            [
              121.4584239,
              24.9911082
            ],
            [
              121.4592813,
              24.9910736
            ],
            [
              121.4594243,
              24.9909556
            ],
            [
              121.459627,
              24.9908073
            ],
            [
              121.4598838,
              24.9905605
            ],
            [
              121.4599365,
              24.9905803
            ],
            [
              121.4601815,
              24.9907229
            ],
            [
              121.4603876,
              24.9903703
            ],
            [
              121.4604235,
              24.9901693
            ],
            [
              121.4604273,
              24.9901448
            ],
            [
              121.4605149,
              24.9900307
            ],
            [
              121.4608964,
              24.9894245
            ],
            [
              121.4610349,
              24.9892098
            ],
            [
              121.4612434,
              24.989291
            ],
            [
              121.4614848,
              24.9893647
            ],
            [
              121.4617144,
              24.9894039
            ],
            [
              121.4618331,
              24.9892053
            ],
            [
              121.461967,
              24.98918
            ],
            [
              121.4624745,
              24.9892255
            ],
            [
              121.4627358,
              24.9892682
            ],
            [
              121.4629344,
              24.9892161
            ],
            [
              121.463133,
              24.9890503
            ],
            [
              121.4632375,
              24.9890361
            ],
            [
              121.463389,
              24.9891782
            ],
            [
              121.4633786,
              24.9893534
            ],
            [
              121.4634308,
              24.989486
            ],
            [
              121.463598,
              24.9894197
            ],
            [
              121.4636555,
              24.9893629
            ],
            [
              121.4638855,
              24.9894624
            ],
            [
              121.4639011,
              24.9895524
            ],
            [
              121.4644969,
              24.9895855
            ],
            [
              121.4648836,
              24.9897134
            ],
            [
              121.4649613,
              24.9897466
            ],
            [
              121.4650213,
              24.9898906
            ],
            [
              121.4651402,
              24.9900584
            ],
            [
              121.4655735,
              24.990206
            ],
            [
              121.4657742,
              24.9902526
            ],
            [
              121.4657893,
              24.9902561
            ],
            [
              121.4661449,
              24.990361
            ],
            [
              121.4664583,
              24.9905965
            ],
            [
              121.4666607,
              24.9908452
            ],
            [
              121.466707,
              24.9909285
            ],
            [
              121.4661398,
              24.9910379
            ],
            [
              121.466534,
              24.9913685
            ],
            [
              121.466753,
              24.9916578
            ],
            [
              121.4669946,
              24.9918728
            ],
            [
              121.4671417,
              24.9920704
            ],
            [
              121.4671922,
              24.9922156
            ],
            [
              121.4672074,
              24.9923638
            ],
            [
              121.4672074,
              24.9927461
            ],
            [
              121.4671385,
              24.9930038
            ],
            [
              121.4669447,
              24.9932343
            ],
            [
              121.4666849,
              24.9932197
            ],
            [
              121.4663791,
              24.9929513
            ],
            [
              121.4662008,
              24.9930027
            ],
            [
              121.4660192,
              24.9934394
            ],
            [
              121.4647912,
              24.9948449
            ],
            [
              121.4642275,
              24.9954535
            ],
            [
              121.4637362,
              24.9959529
            ],
            [
              121.4643963,
              24.9966026
            ],
            [
              121.4646014,
              24.9970506
            ],
            [
              121.464971,
              24.9969523
            ],
            [
              121.4650469,
              24.9970902
            ],
            [
              121.4652658,
              24.9973469
            ],
            [
              121.4656248,
              24.9977677
            ],
            [
              121.4656169,
              24.9978297
            ],
            [
              121.4653931,
              24.9979851
            ],
            [
              121.4654039,
              24.9980735
            ],
            [
              121.4657877,
              24.9986085
            ],
            [
              121.4659658,
              24.999057
            ],
            [
              121.4660071,
              24.9991786
            ],
            [
              121.4661875,
              24.999872
            ],
            [
              121.4664068,
              25.0002376
            ],
            [
              121.4665571,
              25.0005366
            ],
            [
              121.4665436,
              25.0006564
            ],
            [
              121.4664517,
              25.0008484
            ],
            [
              121.4661305,
              25.0011852
            ],
            [
              121.465957,
              25.0015087
            ],
            [
              121.4658358,
              25.0021228
            ],
            [
              121.4662703,
              25.0021878
            ],
            [
              121.4666198,
              25.0022107
            ],
            [
              121.466999,
              25.0023591
            ],
            [
              121.4673006,
              25.0026012
            ],
            [
              121.4676367,
              25.0029996
            ],
            [
              121.4676524,
              25.0030784
            ],
            [
              121.467697,
              25.0032339
            ],
            [
              121.4676514,
              25.0034144
            ],
            [
              121.4676124,
              25.0035795
            ],
            [
              121.4676606,
              25.0038159
            ],
            [
              121.4679297,
              25.004093
            ],
            [
              121.4679316,
              25.004173
            ],
            [
              121.4679419,
              25.0043044
            ],
            [
              121.4680144,
              25.0044957
            ],
            [
              121.4681685,
              25.0046145
            ],
            [
              121.4684899,
              25.0048897
            ],
            [
              121.4695241,
              25.0058582
            ],
            [
              121.4700929,
              25.0061003
            ],
            [
              121.4708654,
              25.006541
            ],
            [
              121.4709344,
              25.0066798
            ],
            [
              121.4711322,
              25.0066262
            ],
            [
              121.4712446,
              25.0067373
            ],
            [
              121.4715235,
              25.0068813
            ],
            [
              121.4717217,
              25.0068345
            ],
            [
              121.472142,
              25.0072435
            ],
            [
              121.4722474,
              25.0073656
            ],
            [
              121.4726385,
              25.0076604
            ],
            [
              121.4729714,
              25.0079431
            ],
            [
              121.4735229,
              25.0083418
            ],
            [
              121.474264,
              25.0091229
            ],
            [
              121.4745191,
              25.0095787
            ],
            [
              121.4749539,
              25.0098732
            ],
            [
              121.4752517,
              25.0101575
            ],
            [
              121.475443,
              25.0106334
            ],
            [
              121.4755215,
              25.0107013
            ],
            [
              121.4757636,
              25.0109582
            ],
            [
              121.4759522,
              25.0110671
            ],
            [
              121.4762206,
              25.0112081
            ],
            [
              121.4765589,
              25.011311
            ],
            [
              121.4768221,
              25.0113559
            ],
            [
              121.477112,
              25.0113377
            ],
            [
              121.4776856,
              25.0113086
            ],
            [
              121.4779068,
              25.0112153
            ],
            [
              121.4783239,
              25.0112063
            ],
            [
              121.4784564,
              25.0112513
            ],
            [
              121.4787979,
              25.0110757
            ],
            [
              121.4788282,
              25.0113324
            ],
            [
              121.4790245,
              25.011407
            ],
            [
              121.4804337,
              25.0116044
            ],
            [
              121.4807639,
              25.0116369
            ],
            [
              121.4812309,
              25.0115967
            ],
            [
              121.4815179,
              25.0115266
            ],
            [
              121.4819315,
              25.0112282
            ],
            [
              121.4820836,
              25.0112301
            ],
            [
              121.4820886,
              25.0114982
            ],
            [
              121.4821771,
              25.0119434
            ],
            [
              121.48221,
              25.0122635
            ],
            [
              121.4819347,
              25.0124501
            ],
            [
              121.4816549,
              25.0126093
            ],
            [
              121.4817624,
              25.0128154
            ],
            [
              121.481702,
              25.0128679
            ],
            [
              121.4819879,
              25.0132752
            ],
            [
              121.482515,
              25.0138279
            ],
            [
              121.4823981,
              25.0141261
            ],
            [
              121.4819412,
              25.0150889
            ],
            [
              121.4819231,
              25.0151269
            ],
            [
              121.4843651,
              25.0155555
            ],
            [
              121.4865124,
              25.0159621
            ],
            [
              121.4889686,
              25.0163743
            ],
            [
              121.4888004,
              25.0171464
            ],
            [
              121.4887495,
              25.0176326
            ],
            [
              121.488665,
              25.0188161
            ],
            [
              121.4887156,
              25.0193398
            ],
            [
              121.4887577,
              25.0209408
            ],
            [
              121.488782,
              25.0214397
            ],
            [
              121.4888581,
              25.0219877
            ],
            [
              121.4889079,
              25.023177
            ],
            [
              121.4888364,
              25.0236038
            ],
            [
              121.4888107,
              25.0237504
            ],
            [
              121.4881419,
              25.024878
            ],
            [
              121.4878945,
              25.0260549
            ],
            [
              121.4871842,
              25.0270338
            ],
            [
              121.4869732,
              25.0273313
            ],
            [
              121.4865391,
              25.0279547
            ],
            [
              121.48581,
              25.0290182
            ],
            [
              121.4850222,
              25.0306618
            ],
            [
              121.4848426,
              25.0311206
            ],
            [
              121.4843962,
              25.0319993
            ],
            [
              121.4840509,
              25.0329209
            ],
            [
              121.4836128,
              25.0340814
            ],
            [
              121.4834993,
              25.0346296
            ],
            [
              121.4833211,
              25.035389
            ],
            [
              121.4833564,
              25.0357563
            ],
            [
              121.4836574,
              25.0369451
            ],
            [
              121.4853853,
              25.0392369
            ],
            [
              121.4833479,
              25.0392137
            ],
            [
              121.4825752,
              25.0393183
            ],
            [
              121.4808856,
              25.0393909
            ],
            [
              121.4794044,
              25.0397448
            ],
            [
              121.4790274,
              25.0398196
            ],
            [
              121.4784047,
              25.0398326
            ],
            [
              121.4778793,
              25.0397725
            ],
            [
              121.4765349,
              25.0396779
            ],
            [
              121.474339,
              25.0394693
            ],
            [
              121.4723533,
              25.0394233
            ],
            [
              121.4719153,
              25.0394126
            ],
            [
              121.4716514,
              25.0394028
            ],
            [
              121.4697217,
              25.0392876
            ],
            [
              121.4678405,
              25.0389642
            ],
            [
              121.4662567,
              25.0385498
            ],
            [
              121.4638648,
              25.0377574
            ],
            [
              121.461328,
              25.0366175
            ],
            [
              121.4602293,
              25.0360319
            ],
            [
              121.4592138,
              25.0354329
            ],
            [
              121.4572916,
              25.0343591
            ],
            [
              121.454959,
              25.0329733
            ],
            [
              121.4536314,
              25.0320088
            ],
            [
              121.4529183,
              25.0315755
            ],
            [
              121.4522751,
              25.0310148
            ],
            [
              121.4490148,
              25.0276975
            ],
            [
              121.4475228,
              25.0256485
            ],
            [
              121.4462176,
              25.024038
            ],
            [
              121.4458685,
              25.0233532
            ],
            [
              121.4440949,
              25.0203594
            ],
            [
              121.4423564,
              25.0177337
            ],
            [
              121.4409958,
              25.0160213
            ],
            [
              121.4385913,
              25.0124645
            ],
            [
              121.4379722,
              25.0113862
            ],
            [
              121.4375691,
              25.0102674
            ],
            [
              121.4370629,
              25.0082406
            ],
            [
              121.4368384,
              25.0067967
            ],
            [
              121.4368384,
              25.0050915
            ],
            [
              121.4368384,
              25.0049471
            ],
            [
              121.4370004,
              25.003373
            ],
            [
              121.4365784,
              25.0013159
            ],
            [
              121.4363843,
              25.0006335
            ],
            [
              121.4363841,
              25.0001565
            ],
            [
              121.4362135,
              25.0000761
            ],
            [
              121.4353097,
              24.9999964
            ],
            [
              121.4352986,
              24.9997753
            ],
            [
              121.4347963,
              24.9996313
            ],
            [
              121.4346505,
              25.0002064
            ],
            [
              121.4342051,
              25.0000925
            ],
            [
              121.4337537,
              25.0000522
            ],
            [
              121.4332289,
              24.9999858
            ],
            [
              121.4326149,
              24.9997641
            ],
            [
              121.4317734,
              24.9993106
            ],
            [
              121.4312435,
              24.9988851
            ],
            [
              121.4308605,
              24.9983074
            ],
            [
              121.430682,
              24.997586
            ],
            [
              121.4305833,
              24.9970058
            ],
            [
              121.4307997,
              24.9967119
            ],
            [
              121.4309417,
              24.9963865
            ],
            [
              121.4309486,
              24.9962065
            ],
            [
              121.4304792,
              24.9957249
            ],
            [
              121.4300587,
              24.9952225
            ],
            [
              121.4295819,
              24.994418
            ],
            [
              121.4292292,
              24.9938699
            ],
            [
              121.4288434,
              24.9937147
            ],
            [
              121.428711,
              24.9934558
            ],
            [
              121.4287206,
              24.9931635
            ],
            [
              121.4287473,
              24.9927738
            ],
            [
              121.4286893,
              24.9926106
            ],
            [
              121.4280154,
              24.9930177
            ],
            [
              121.4279719,
              24.9929647
            ],
            [
              121.4278727,
              24.9927925
            ],
            [
              121.4276957,
              24.9923885
            ],
            [
              121.4275858,
              24.9923664
            ],
            [
              121.4274576,
              24.9924217
            ],
            [
              121.4273904,
              24.9923111
            ],
            [
              121.4274515,
              24.9922613
            ],
            [
              121.4273355,
              24.9921063
            ],
            [
              121.4278315,
              24.9918357
            ],
            [
              121.4272962,
              24.9913224
            ],
            [
              121.4268521,
              24.9910127
            ],
            [
              121.4260019,
              24.9903799
            ],
            [
              121.4254058,
              24.9898463
            ],
            [
              121.425095,
              24.9894613
            ],
            [
              121.4245763,
              24.9884533
            ],
            [
              121.4244947,
              24.9877922
            ],
            [
              121.4243808,
              24.9872864
            ]
          ]
        ]
      },
      "properties": {
        "name": "新北市板橋區",
        "display_name": "板橋區, 枋橋, 新北市, 臺灣",
        "osm_id": 2783510,
        "osm_type": "relation",
        "source": "OSM Nominatim"
      }
    },
    {
      "type": "Feature",
      "geometry": {
        "type": "Polygon",
        "coordinates": [
          [
            [
              121.4650711,
              25.0637044
            ],
            [
              121.4651077,
              25.063291
            ],
            [
              121.4651785,
              25.0629763
            ],
            [
              121.4653556,
              25.0622878
            ],
            [
              121.4656368,
              25.0614456
            ],
            [
              121.465961,
              25.0606042
            ],
            [
              121.4663494,
              25.0600377
            ],
            [
              121.4667366,
              25.0594689
            ],
            [
              121.4669706,
              25.0592189
            ],
            [
              121.4672055,
              25.0588908
            ],
            [
              121.4673205,
              25.0586869
            ],
            [
              121.4673523,
              25.0583279
            ],
            [
              121.4673596,
              25.0579445
            ],
            [
              121.4672821,
              25.0576185
            ],
            [
              121.4672365,
              25.0573729
            ],
            [
              121.4672482,
              25.0571559
            ],
            [
              121.4673202,
              25.0564911
            ],
            [
              121.4673555,
              25.056105
            ],
            [
              121.4673878,
              25.0559715
            ],
            [
              121.4680676,
              25.0543403
            ],
            [
              121.4681385,
              25.0540636
            ],
            [
              121.4683,
              25.0539027
            ],
            [
              121.4684521,
              25.053835
            ],
            [
              121.4685573,
              25.0536444
            ],
            [
              121.4686307,
              25.053374
            ],
            [
              121.4686807,
              25.053243
            ],
            [
              121.4686968,
              25.053058
            ],
            [
              121.4686601,
              25.0529126
            ],
            [
              121.468541,
              25.0526247
            ],
            [
              121.4683942,
              25.0524234
            ],
            [
              121.4681135,
              25.0521298
            ],
            [
              121.4679534,
              25.0516721
            ],
            [
              121.4677933,
              25.0510603
            ],
            [
              121.4675782,
              25.0499318
            ],
            [
              121.4673898,
              25.0493262
            ],
            [
              121.4673193,
              25.0491253
            ],
            [
              121.467253,
              25.048835
            ],
            [
              121.4671953,
              25.0484545
            ],
            [
              121.4672782,
              25.0481589
            ],
            [
              121.4672365,
              25.0476297
            ],
            [
              121.467238,
              25.0472986
            ],
            [
              121.4670779,
              25.0468001
            ],
            [
              121.4668693,
              25.0465105
            ],
            [
              121.4665502,
              25.0459393
            ],
            [
              121.4663515,
              25.045456
            ],
            [
              121.4661574,
              25.0446835
            ],
            [
              121.4659388,
              25.0442426
            ],
            [
              121.465857,
              25.0440028
            ],
            [
              121.4658285,
              25.0438062
            ],
            [
              121.4658533,
              25.0436191
            ],
            [
              121.4660022,
              25.043274
            ],
            [
              121.4660329,
              25.0429729
            ],
            [
              121.4660851,
              25.0428628
            ],
            [
              121.4661596,
              25.0425357
            ],
            [
              121.4662024,
              25.0422787
            ],
            [
              121.4663216,
              25.0418997
            ],
            [
              121.4663726,
              25.0415517
            ],
            [
              121.4663441,
              25.0412316
            ],
            [
              121.4661819,
              25.0408549
            ],
            [
              121.466151,
              25.0406884
            ],
            [
              121.4661522,
              25.0397012
            ],
            [
              121.4662338,
              25.0387794
            ],
            [
              121.4662567,
              25.0385498
            ],
            [
              121.4678405,
              25.0389642
            ],
            [
              121.4697217,
              25.0392876
            ],
            [
              121.4716514,
              25.0394028
            ],
            [
              121.4719153,
              25.0394126
            ],
            [
              121.4723533,
              25.0394233
            ],
            [
              121.474339,
              25.0394693
            ],
            [
              121.4765349,
              25.0396779
            ],
            [
              121.4778793,
              25.0397725
            ],
            [
              121.4784047,
              25.0398326
            ],
            [
              121.4790274,
              25.0398196
            ],
            [
              121.4794044,
              25.0397448
            ],
            [
              121.4808856,
              25.0393909
            ],
            [
              121.4825752,
              25.0393183
            ],
            [
              121.4833479,
              25.0392137
            ],
            [
              121.4853853,
              25.0392369
            ],
            [
              121.4878638,
              25.0418363
            ],
            [
              121.4899663,
              25.0422984
            ],
            [
              121.4939102,
              25.0426392
            ],
            [
              121.495714,
              25.0428008
            ],
            [
              121.4963377,
              25.0433186
            ],
            [
              121.4970131,
              25.0436753
            ],
            [
              121.497628,
              25.0439265
            ],
            [
              121.4999131,
              25.0449236
            ],
            [
              121.5003415,
              25.045128
            ],
            [
              121.5011901,
              25.0460288
            ],
            [
              121.5020719,
              25.0470023
            ],
            [
              121.5029064,
              25.0477893
            ],
            [
              121.5037098,
              25.0485548
            ],
            [
              121.5049035,
              25.0496993
            ],
            [
              121.505942,
              25.0525852
            ],
            [
              121.5062736,
              25.0540028
            ],
            [
              121.506372,
              25.0557153
            ],
            [
              121.5063783,
              25.0558972
            ],
            [
              121.5063369,
              25.0560666
            ],
            [
              121.5060113,
              25.0568095
            ],
            [
              121.5055811,
              25.0579028
            ],
            [
              121.5053666,
              25.058622
            ],
            [
              121.5053558,
              25.0594287
            ],
            [
              121.5055499,
              25.0603591
            ],
            [
              121.5056389,
              25.0608512
            ],
            [
              121.5062501,
              25.0630166
            ],
            [
              121.5064188,
              25.0634669
            ],
            [
              121.5064843,
              25.0636835
            ],
            [
              121.5065645,
              25.0639023
            ],
            [
              121.5066632,
              25.0642491
            ],
            [
              121.5067982,
              25.0646267
            ],
            [
              121.506818,
              25.064774
            ],
            [
              121.5068444,
              25.0656937
            ],
            [
              121.5069304,
              25.067638
            ],
            [
              121.5069805,
              25.0686497
            ],
            [
              121.5070222,
              25.0696675
            ],
            [
              121.5070253,
              25.0704453
            ],
            [
              121.506951,
              25.0711156
            ],
            [
              121.5069199,
              25.0713149
            ],
            [
              121.5066152,
              25.0722415
            ],
            [
              121.506439,
              25.0727107
            ],
            [
              121.5063313,
              25.0730226
            ],
            [
              121.5063086,
              25.073219
            ],
            [
              121.5063339,
              25.0732784
            ],
            [
              121.5063314,
              25.0734134
            ],
            [
              121.5063097,
              25.073533
            ],
            [
              121.5062457,
              25.0739742
            ],
            [
              121.5061534,
              25.0744732
            ],
            [
              121.5059109,
              25.0752589
            ],
            [
              121.5053494,
              25.0766762
            ],
            [
              121.505054,
              25.0772982
            ],
            [
              121.5047978,
              25.0778173
            ],
            [
              121.5047288,
              25.0779399
            ],
            [
              121.5043036,
              25.079221
            ],
            [
              121.5040438,
              25.0800894
            ],
            [
              121.5034477,
              25.0813051
            ],
            [
              121.5025178,
              25.0831639
            ],
            [
              121.5020847,
              25.0838312
            ],
            [
              121.5016146,
              25.0844984
            ],
            [
              121.5013735,
              25.0849189
            ],
            [
              121.5011926,
              25.0851614
            ],
            [
              121.5002172,
              25.086606
            ],
            [
              121.4997812,
              25.0872083
            ],
            [
              121.499305,
              25.087728
            ],
            [
              121.4989712,
              25.0880185
            ],
            [
              121.4986439,
              25.0883035
            ],
            [
              121.4977548,
              25.0890752
            ],
            [
              121.4957663,
              25.0909499
            ],
            [
              121.4954301,
              25.0912759
            ],
            [
              121.4925325,
              25.0934789
            ],
            [
              121.4911255,
              25.0947697
            ],
            [
              121.4903068,
              25.0938914
            ],
            [
              121.489968,
              25.0935786
            ],
            [
              121.4895914,
              25.0933541
            ],
            [
              121.4894741,
              25.0932518
            ],
            [
              121.4893964,
              25.0931449
            ],
            [
              121.4887212,
              25.0922136
            ],
            [
              121.4885824,
              25.0921262
            ],
            [
              121.4877659,
              25.0916318
            ],
            [
              121.4871834,
              25.0912835
            ],
            [
              121.4866921,
              25.0908486
            ],
            [
              121.4865962,
              25.090716
            ],
            [
              121.4860966,
              25.0903189
            ],
            [
              121.4852854,
              25.0896889
            ],
            [
              121.4843467,
              25.0890059
            ],
            [
              121.4839857,
              25.0885226
            ],
            [
              121.4842747,
              25.0882498
            ],
            [
              121.4836061,
              25.0876495
            ],
            [
              121.4836034,
              25.0873383
            ],
            [
              121.4837786,
              25.086952
            ],
            [
              121.4837816,
              25.0865929
            ],
            [
              121.483738,
              25.0861551
            ],
            [
              121.4837639,
              25.0857024
            ],
            [
              121.4838089,
              25.085469
            ],
            [
              121.4838652,
              25.0850782
            ],
            [
              121.4840075,
              25.0846647
            ],
            [
              121.4839655,
              25.0844777
            ],
            [
              121.4834298,
              25.0842376
            ],
            [
              121.4831557,
              25.0840789
            ],
            [
              121.482982,
              25.0839216
            ],
            [
              121.4828279,
              25.0837177
            ],
            [
              121.4826424,
              25.0831435
            ],
            [
              121.4825178,
              25.0827047
            ],
            [
              121.4822774,
              25.0819274
            ],
            [
              121.4816786,
              25.0811435
            ],
            [
              121.480671,
              25.0801094
            ],
            [
              121.4802808,
              25.0796943
            ],
            [
              121.4797552,
              25.0790137
            ],
            [
              121.4792345,
              25.078437
            ],
            [
              121.4785521,
              25.077846
            ],
            [
              121.4779482,
              25.0775233
            ],
            [
              121.4775102,
              25.0774201
            ],
            [
              121.4771607,
              25.0773078
            ],
            [
              121.4770611,
              25.0772543
            ],
            [
              121.4769855,
              25.077121
            ],
            [
              121.4768631,
              25.076926
            ],
            [
              121.4767726,
              25.0765426
            ],
            [
              121.4767775,
              25.0761415
            ],
            [
              121.4767775,
              25.0759044
            ],
            [
              121.4764741,
              25.0753504
            ],
            [
              121.4762711,
              25.0750712
            ],
            [
              121.4758945,
              25.0745989
            ],
            [
              121.4758452,
              25.0744789
            ],
            [
              121.4756883,
              25.0740912
            ],
            [
              121.4755371,
              25.0737593
            ],
            [
              121.4754735,
              25.0736153
            ],
            [
              121.4752691,
              25.0732231
            ],
            [
              121.474964,
              25.0729512
            ],
            [
              121.4747514,
              25.0728088
            ],
            [
              121.4744661,
              25.0727081
            ],
            [
              121.4737879,
              25.0726125
            ],
            [
              121.4737386,
              25.0724428
            ],
            [
              121.4730472,
              25.0726899
            ],
            [
              121.472885,
              25.0727422
            ],
            [
              121.472268,
              25.0730001
            ],
            [
              121.4716986,
              25.0731141
            ],
            [
              121.4711656,
              25.0733504
            ],
            [
              121.470972,
              25.0734796
            ],
            [
              121.4709424,
              25.0732099
            ],
            [
              121.4699086,
              25.0732477
            ],
            [
              121.4699024,
              25.0722394
            ],
            [
              121.4697091,
              25.0722484
            ],
            [
              121.4697288,
              25.0709881
            ],
            [
              121.4697841,
              25.0686314
            ],
            [
              121.4695974,
              25.0684145
            ],
            [
              121.4692062,
              25.0682815
            ],
            [
              121.4682139,
              25.0679173
            ],
            [
              121.4674456,
              25.0670474
            ],
            [
              121.4668847,
              25.0666318
            ],
            [
              121.4665848,
              25.0665756
            ],
            [
              121.4662726,
              25.0665941
            ],
            [
              121.465968,
              25.066754
            ],
            [
              121.4658774,
              25.0667265
            ],
            [
              121.4658029,
              25.0665728
            ],
            [
              121.465798,
              25.0663252
            ],
            [
              121.4658294,
              25.0659772
            ],
            [
              121.4657754,
              25.0658043
            ],
            [
              121.4655792,
              25.0655747
            ],
            [
              121.4655383,
              25.0655249
            ],
            [
              121.465286,
              25.0652211
            ],
            [
              121.4653065,
              25.065001
            ],
            [
              121.4652961,
              25.0647255
            ],
            [
              121.46523,
              25.0641936
            ],
            [
              121.4651152,
              25.0639435
            ],
            [
              121.4650711,
              25.0637044
            ]
          ]
        ]
      },
      "properties": {
        "name": "新北市三重區",
        "display_name": "三重區, 新北市, 臺灣",
        "osm_id": 2869399,
        "osm_type": "relation",
        "source": "OSM Nominatim"
      }
    },
    {
      "type": "Feature",
      "geometry": {
        "type": "Polygon",
        "coordinates": [
          [
            [
              121.3769934,
              25.0725354
            ],
            [
              121.3770272,
              25.072315
            ],
            [
              121.3772097,
              25.0720744
            ],
            [
              121.3773668,
              25.0718482
            ],
            [
              121.3779832,
              25.07136
            ],
            [
              121.3784129,
              25.0712177
            ],
            [
              121.3786999,
              25.071062
            ],
            [
              121.3788821,
              25.0710002
            ],
            [
              121.3789902,
              25.0708278
            ],
            [
              121.3789388,
              25.0707444
            ],
            [
              121.3789115,
              25.0706028
            ],
            [
              121.3789358,
              25.0705407
            ],
            [
              121.3789804,
              25.0704589
            ],
            [
              121.3790806,
              25.0703955
            ],
            [
              121.3791421,
              25.0701813
            ],
            [
              121.3791767,
              25.0703578
            ],
            [
              121.3793285,
              25.0705152
            ],
            [
              121.3794677,
              25.0706866
            ],
            [
              121.3800137,
              25.070696
            ],
            [
              121.3801369,
              25.0707729
            ],
            [
              121.380489,
              25.070778
            ],
            [
              121.3807308,
              25.0707014
            ],
            [
              121.3807767,
              25.0705078
            ],
            [
              121.3808456,
              25.0702064
            ],
            [
              121.3810148,
              25.0701202
            ],
            [
              121.381288,
              25.0702788
            ],
            [
              121.3814312,
              25.0702677
            ],
            [
              121.381693,
              25.0701467
            ],
            [
              121.3824336,
              25.0700416
            ],
            [
              121.3825264,
              25.0699082
            ],
            [
              121.3829137,
              25.0698126
            ],
            [
              121.3828297,
              25.0692977
            ],
            [
              121.3829434,
              25.0691672
            ],
            [
              121.3828592,
              25.0689323
            ],
            [
              121.3825882,
              25.0687219
            ],
            [
              121.3822649,
              25.0685587
            ],
            [
              121.3822985,
              25.0684433
            ],
            [
              121.3826518,
              25.0682577
            ],
            [
              121.382877,
              25.0680676
            ],
            [
              121.3829152,
              25.0678905
            ],
            [
              121.3832247,
              25.0678624
            ],
            [
              121.3833193,
              25.0675659
            ],
            [
              121.3829238,
              25.0675024
            ],
            [
              121.3826996,
              25.0671795
            ],
            [
              121.3827282,
              25.0667554
            ],
            [
              121.3827078,
              25.0661222
            ],
            [
              121.3826519,
              25.066022
            ],
            [
              121.382454,
              25.0660001
            ],
            [
              121.3817623,
              25.0660751
            ],
            [
              121.3811588,
              25.0661731
            ],
            [
              121.3805842,
              25.0661624
            ],
            [
              121.3798668,
              25.0660775
            ],
            [
              121.379845,
              25.0659931
            ],
            [
              121.3800168,
              25.0657226
            ],
            [
              121.3800768,
              25.0654854
            ],
            [
              121.380104,
              25.0651508
            ],
            [
              121.3801762,
              25.0648302
            ],
            [
              121.380958,
              25.0646065
            ],
            [
              121.38213,
              25.0642781
            ],
            [
              121.3822089,
              25.0638059
            ],
            [
              121.382369,
              25.0637045
            ],
            [
              121.3825219,
              25.0635263
            ],
            [
              121.382776,
              25.0629658
            ],
            [
              121.3834081,
              25.0628291
            ],
            [
              121.3839801,
              25.0627089
            ],
            [
              121.3845243,
              25.062842
            ],
            [
              121.3850421,
              25.063034
            ],
            [
              121.3854574,
              25.0631305
            ],
            [
              121.3859247,
              25.063143
            ],
            [
              121.3861548,
              25.0632599
            ],
            [
              121.386466,
              25.0632146
            ],
            [
              121.3870373,
              25.0625694
            ],
            [
              121.3874192,
              25.0625651
            ],
            [
              121.3878644,
              25.0628037
            ],
            [
              121.3881915,
              25.0630836
            ],
            [
              121.3883315,
              25.0630388
            ],
            [
              121.3881674,
              25.0626701
            ],
            [
              121.3881097,
              25.0625404
            ],
            [
              121.3879384,
              25.0622809
            ],
            [
              121.3879282,
              25.0619729
            ],
            [
              121.3880038,
              25.0617517
            ],
            [
              121.3881343,
              25.0615676
            ],
            [
              121.3885364,
              25.0615051
            ],
            [
              121.389171,
              25.0616351
            ],
            [
              121.3899665,
              25.0616825
            ],
            [
              121.3904332,
              25.0616157
            ],
            [
              121.3910535,
              25.0615078
            ],
            [
              121.3910692,
              25.061375
            ],
            [
              121.3906864,
              25.0612638
            ],
            [
              121.3906279,
              25.0612082
            ],
            [
              121.3906301,
              25.0610513
            ],
            [
              121.3909131,
              25.0609153
            ],
            [
              121.390856,
              25.0607798
            ],
            [
              121.3906385,
              25.0607525
            ],
            [
              121.3903166,
              25.0608378
            ],
            [
              121.3893454,
              25.0606721
            ],
            [
              121.3889169,
              25.0606876
            ],
            [
              121.3886417,
              25.060492
            ],
            [
              121.3885884,
              25.0603204
            ],
            [
              121.3885831,
              25.060111
            ],
            [
              121.3882914,
              25.0599313
            ],
            [
              121.3877152,
              25.0597878
            ],
            [
              121.3876141,
              25.059706
            ],
            [
              121.3876289,
              25.0595886
            ],
            [
              121.3879537,
              25.0593683
            ],
            [
              121.3888667,
              25.05918
            ],
            [
              121.3896161,
              25.0591221
            ],
            [
              121.389712,
              25.0590305
            ],
            [
              121.3896872,
              25.0588771
            ],
            [
              121.3894919,
              25.0586212
            ],
            [
              121.3890623,
              25.0584806
            ],
            [
              121.3887911,
              25.0584251
            ],
            [
              121.3885032,
              25.0584034
            ],
            [
              121.3884794,
              25.0583415
            ],
            [
              121.3884606,
              25.0580127
            ],
            [
              121.3885001,
              25.0575831
            ],
            [
              121.3886044,
              25.0571252
            ],
            [
              121.3886048,
              25.056861
            ],
            [
              121.3884773,
              25.0568803
            ],
            [
              121.3884393,
              25.0569949
            ],
            [
              121.388226,
              25.0571741
            ],
            [
              121.3871018,
              25.0574479
            ],
            [
              121.3867141,
              25.0576992
            ],
            [
              121.3863017,
              25.05783
            ],
            [
              121.3860069,
              25.0580661
            ],
            [
              121.3858302,
              25.0581574
            ],
            [
              121.3855799,
              25.0581381
            ],
            [
              121.3855715,
              25.0579943
            ],
            [
              121.3856902,
              25.0578184
            ],
            [
              121.3855961,
              25.0573446
            ],
            [
              121.3856608,
              25.0569888
            ],
            [
              121.3857138,
              25.0567821
            ],
            [
              121.3858579,
              25.056639
            ],
            [
              121.3861155,
              25.0565008
            ],
            [
              121.3862595,
              25.0562879
            ],
            [
              121.3864777,
              25.0560084
            ],
            [
              121.3866639,
              25.055847
            ],
            [
              121.386947,
              25.0557087
            ],
            [
              121.387313,
              25.0554678
            ],
            [
              121.3874111,
              25.0553466
            ],
            [
              121.3874685,
              25.0551762
            ],
            [
              121.3874573,
              25.0550283
            ],
            [
              121.3874379,
              25.0549141
            ],
            [
              121.3873896,
              25.0548048
            ],
            [
              121.3872904,
              25.0546699
            ],
            [
              121.3872126,
              25.0546323
            ],
            [
              121.3871267,
              25.054563
            ],
            [
              121.3870329,
              25.0545156
            ],
            [
              121.3869658,
              25.0544913
            ],
            [
              121.38677,
              25.05445
            ],
            [
              121.3867164,
              25.0543626
            ],
            [
              121.3867754,
              25.0540904
            ],
            [
              121.38677,
              25.0540442
            ],
            [
              121.3867432,
              25.0539884
            ],
            [
              121.3865474,
              25.053828
            ],
            [
              121.3862228,
              25.0536943
            ],
            [
              121.3861021,
              25.0537162
            ],
            [
              121.3860136,
              25.0536725
            ],
            [
              121.3860297,
              25.0534416
            ],
            [
              121.3860109,
              25.0533347
            ],
            [
              121.3859493,
              25.0532035
            ],
            [
              121.3858795,
              25.0531331
            ],
            [
              121.3856757,
              25.0530164
            ],
            [
              121.3855416,
              25.052963
            ],
            [
              121.3854182,
              25.0529265
            ],
            [
              121.3852546,
              25.052935
            ],
            [
              121.3851888,
              25.0529168
            ],
            [
              121.3851212,
              25.0528799
            ],
            [
              121.3845681,
              25.052751
            ],
            [
              121.3844153,
              25.0526377
            ],
            [
              121.3844495,
              25.0524961
            ],
            [
              121.3858605,
              25.0525271
            ],
            [
              121.386336,
              25.0526487
            ],
            [
              121.3870176,
              25.0528802
            ],
            [
              121.3877631,
              25.053242
            ],
            [
              121.3878843,
              25.053196
            ],
            [
              121.3880746,
              25.0529205
            ],
            [
              121.3882012,
              25.052891
            ],
            [
              121.3884215,
              25.0530639
            ],
            [
              121.388663,
              25.0532469
            ],
            [
              121.3888969,
              25.0533258
            ],
            [
              121.3892165,
              25.0534493
            ],
            [
              121.3895304,
              25.0534826
            ],
            [
              121.3897372,
              25.053428
            ],
            [
              121.3897714,
              25.0533469
            ],
            [
              121.3895469,
              25.0531407
            ],
            [
              121.3893446,
              25.053025
            ],
            [
              121.3892881,
              25.0529229
            ],
            [
              121.3893534,
              25.0528742
            ],
            [
              121.3896641,
              25.0528512
            ],
            [
              121.3899084,
              25.0528456
            ],
            [
              121.3901774,
              25.0529986
            ],
            [
              121.3902778,
              25.0530257
            ],
            [
              121.3906864,
              25.0532372
            ],
            [
              121.3908656,
              25.0533771
            ],
            [
              121.3907469,
              25.0542671
            ],
            [
              121.3908711,
              25.0544622
            ],
            [
              121.391071,
              25.0546085
            ],
            [
              121.3914294,
              25.0548193
            ],
            [
              121.3919064,
              25.0549676
            ],
            [
              121.3924153,
              25.0550534
            ],
            [
              121.392669,
              25.0550712
            ],
            [
              121.3927916,
              25.0550356
            ],
            [
              121.3928184,
              25.0549882
            ],
            [
              121.392776,
              25.0549368
            ],
            [
              121.3923294,
              25.0547461
            ],
            [
              121.3914638,
              25.0540814
            ],
            [
              121.3913733,
              25.0539367
            ],
            [
              121.3912158,
              25.0537657
            ],
            [
              121.3910372,
              25.0536519
            ],
            [
              121.3910085,
              25.0535649
            ],
            [
              121.3912456,
              25.0535523
            ],
            [
              121.3914454,
              25.0535655
            ],
            [
              121.3915202,
              25.0536834
            ],
            [
              121.3915798,
              25.0538196
            ],
            [
              121.3917194,
              25.0539125
            ],
            [
              121.3919543,
              25.0539746
            ],
            [
              121.3923563,
              25.0539343
            ],
            [
              121.3924898,
              25.0537316
            ],
            [
              121.3925425,
              25.0537576
            ],
            [
              121.3927578,
              25.0538788
            ],
            [
              121.3929357,
              25.0539861
            ],
            [
              121.393005,
              25.0539422
            ],
            [
              121.393107,
              25.053768
            ],
            [
              121.393291,
              25.0536545
            ],
            [
              121.3939891,
              25.0534248
            ],
            [
              121.3940859,
              25.0532594
            ],
            [
              121.3942411,
              25.0532483
            ],
            [
              121.3943607,
              25.0530472
            ],
            [
              121.394708,
              25.053043
            ],
            [
              121.3951169,
              25.0528099
            ],
            [
              121.3954095,
              25.0527548
            ],
            [
              121.3958994,
              25.0525619
            ],
            [
              121.3962295,
              25.0525185
            ],
            [
              121.3963148,
              25.0524555
            ],
            [
              121.3968632,
              25.0520505
            ],
            [
              121.3971081,
              25.0518576
            ],
            [
              121.3973192,
              25.0515933
            ],
            [
              121.397417,
              25.0514861
            ],
            [
              121.3978643,
              25.0513125
            ],
            [
              121.3982005,
              25.0512666
            ],
            [
              121.3987922,
              25.0513585
            ],
            [
              121.3992329,
              25.051597
            ],
            [
              121.3997386,
              25.0514379
            ],
            [
              121.4001187,
              25.0514548
            ],
            [
              121.4006495,
              25.0513918
            ],
            [
              121.4006382,
              25.0512489
            ],
            [
              121.4002445,
              25.0510279
            ],
            [
              121.4001167,
              25.0508833
            ],
            [
              121.4001646,
              25.0504876
            ],
            [
              121.4001575,
              25.0499728
            ],
            [
              121.4002633,
              25.0496161
            ],
            [
              121.4001646,
              25.0495373
            ],
            [
              121.3999037,
              25.0494649
            ],
            [
              121.3997372,
              25.0493384
            ],
            [
              121.399652,
              25.0493461
            ],
            [
              121.3996268,
              25.0495469
            ],
            [
              121.3995122,
              25.0497554
            ],
            [
              121.3989778,
              25.0500166
            ],
            [
              121.3985855,
              25.0506135
            ],
            [
              121.3983523,
              25.0506095
            ],
            [
              121.3982917,
              25.050693
            ],
            [
              121.3983648,
              25.0508349
            ],
            [
              121.398552,
              25.0508689
            ],
            [
              121.3985699,
              25.0509673
            ],
            [
              121.3981625,
              25.0511388
            ],
            [
              121.3980347,
              25.0511195
            ],
            [
              121.3979323,
              25.0510228
            ],
            [
              121.3974809,
              25.0504394
            ],
            [
              121.3974543,
              25.0503236
            ],
            [
              121.3975378,
              25.0501524
            ],
            [
              121.3979,
              25.0498774
            ],
            [
              121.3980506,
              25.0497785
            ],
            [
              121.3983009,
              25.0497206
            ],
            [
              121.3983209,
              25.0494884
            ],
            [
              121.3984819,
              25.0493009
            ],
            [
              121.398685,
              25.0488038
            ],
            [
              121.3986735,
              25.0485932
            ],
            [
              121.3984968,
              25.0484715
            ],
            [
              121.3982749,
              25.0485374
            ],
            [
              121.3980686,
              25.0487298
            ],
            [
              121.3972734,
              25.0490895
            ],
            [
              121.3969267,
              25.0494324
            ],
            [
              121.3966857,
              25.0495739
            ],
            [
              121.3966191,
              25.0496231
            ],
            [
              121.3965949,
              25.0496121
            ],
            [
              121.396603,
              25.0494979
            ],
            [
              121.3964975,
              25.0493921
            ],
            [
              121.3964173,
              25.0493421
            ],
            [
              121.3958709,
              25.0493571
            ],
            [
              121.3955192,
              25.0495655
            ],
            [
              121.3954362,
              25.0495247
            ],
            [
              121.3953097,
              25.049542
            ],
            [
              121.3951389,
              25.0496307
            ],
            [
              121.395157,
              25.0497615
            ],
            [
              121.3949235,
              25.0500054
            ],
            [
              121.3946843,
              25.0503732
            ],
            [
              121.3946549,
              25.0503669
            ],
            [
              121.3946137,
              25.0500634
            ],
            [
              121.3945063,
              25.0500273
            ],
            [
              121.3944216,
              25.0500537
            ],
            [
              121.3944304,
              25.0501662
            ],
            [
              121.3944541,
              25.0503545
            ],
            [
              121.3944224,
              25.0504274
            ],
            [
              121.3943642,
              25.0504341
            ],
            [
              121.3940142,
              25.0503435
            ],
            [
              121.39398,
              25.0502555
            ],
            [
              121.3943338,
              25.0495781
            ],
            [
              121.3943312,
              25.0494496
            ],
            [
              121.3942436,
              25.0493822
            ],
            [
              121.3940119,
              25.0493909
            ],
            [
              121.3939422,
              25.0493351
            ],
            [
              121.3939235,
              25.0491602
            ],
            [
              121.3939522,
              25.0490818
            ],
            [
              121.3942458,
              25.0490635
            ],
            [
              121.3943633,
              25.0490141
            ],
            [
              121.3944892,
              25.0487706
            ],
            [
              121.3945031,
              25.0482235
            ],
            [
              121.3943449,
              25.0478605
            ],
            [
              121.3943101,
              25.0476941
            ],
            [
              121.3944134,
              25.0474887
            ],
            [
              121.3944951,
              25.0475123
            ],
            [
              121.3947657,
              25.0475783
            ],
            [
              121.3950349,
              25.0477383
            ],
            [
              121.3952906,
              25.0480034
            ],
            [
              121.3958939,
              25.0485082
            ],
            [
              121.3960184,
              25.0485627
            ],
            [
              121.3961251,
              25.0485313
            ],
            [
              121.3962449,
              25.0483987
            ],
            [
              121.3964505,
              25.0483521
            ],
            [
              121.3969318,
              25.0483745
            ],
            [
              121.3970563,
              25.0482757
            ],
            [
              121.3970777,
              25.0481931
            ],
            [
              121.39714,
              25.0481499
            ],
            [
              121.3975874,
              25.0481624
            ],
            [
              121.398269,
              25.048148
            ],
            [
              121.3986417,
              25.0480901
            ],
            [
              121.3993605,
              25.0478103
            ],
            [
              121.3993963,
              25.0477744
            ],
            [
              121.3986577,
              25.0471639
            ],
            [
              121.3981053,
              25.0468288
            ],
            [
              121.397743,
              25.0464929
            ],
            [
              121.3976526,
              25.0462996
            ],
            [
              121.3977098,
              25.0462087
            ],
            [
              121.3981412,
              25.0463968
            ],
            [
              121.3982597,
              25.0463916
            ],
            [
              121.3986146,
              25.0461227
            ],
            [
              121.3987475,
              25.045881
            ],
            [
              121.3988947,
              25.045785
            ],
            [
              121.3990787,
              25.045798
            ],
            [
              121.3993717,
              25.0460013
            ],
            [
              121.3995224,
              25.0460266
            ],
            [
              121.3996273,
              25.0459675
            ],
            [
              121.3996318,
              25.0456359
            ],
            [
              121.3996596,
              25.0454306
            ],
            [
              121.3997827,
              25.0452392
            ],
            [
              121.3998428,
              25.0449736
            ],
            [
              121.3998913,
              25.0449213
            ],
            [
              121.4000677,
              25.0449099
            ],
            [
              121.4004308,
              25.0451233
            ],
            [
              121.4007519,
              25.0454563
            ],
            [
              121.4010647,
              25.0455676
            ],
            [
              121.4014479,
              25.0454224
            ],
            [
              121.401926,
              25.045475
            ],
            [
              121.4022624,
              25.0456343
            ],
            [
              121.4026791,
              25.0457094
            ],
            [
              121.4029651,
              25.0456853
            ],
            [
              121.4030674,
              25.0456623
            ],
            [
              121.4031007,
              25.0455869
            ],
            [
              121.4030886,
              25.0455359
            ],
            [
              121.4030492,
              25.0454878
            ],
            [
              121.4032421,
              25.0454263
            ],
            [
              121.4035337,
              25.0453106
            ],
            [
              121.4037723,
              25.0452606
            ],
            [
              121.4041245,
              25.0452852
            ],
            [
              121.404599,
              25.0452977
            ],
            [
              121.4049196,
              25.0452279
            ],
            [
              121.4059307,
              25.0449263
            ],
            [
              121.4065473,
              25.0447056
            ],
            [
              121.4068833,
              25.0446777
            ],
            [
              121.407181,
              25.0447361
            ],
            [
              121.407422,
              25.0447833
            ],
            [
              121.4079777,
              25.0446693
            ],
            [
              121.4080917,
              25.0446274
            ],
            [
              121.408363,
              25.0445353
            ],
            [
              121.4087298,
              25.0443537
            ],
            [
              121.4090024,
              25.0441617
            ],
            [
              121.409434,
              25.0437595
            ],
            [
              121.4096448,
              25.0435151
            ],
            [
              121.409643,
              25.0432164
            ],
            [
              121.4096872,
              25.0431386
            ],
            [
              121.4100328,
              25.0430317
            ],
            [
              121.4102796,
              25.0429248
            ],
            [
              121.4104627,
              25.0427162
            ],
            [
              121.4104853,
              25.0425969
            ],
            [
              121.4104946,
              25.0424663
            ],
            [
              121.4104593,
              25.04231
            ],
            [
              121.4104071,
              25.0422106
            ],
            [
              121.4101628,
              25.0418775
            ],
            [
              121.4099149,
              25.0416872
            ],
            [
              121.4096135,
              25.0412143
            ],
            [
              121.4095123,
              25.0409741
            ],
            [
              121.4095098,
              25.0408787
            ],
            [
              121.4095366,
              25.0408179
            ],
            [
              121.4095654,
              25.0407962
            ],
            [
              121.4096935,
              25.0408398
            ],
            [
              121.4098685,
              25.040934
            ],
            [
              121.4099872,
              25.0410561
            ],
            [
              121.4101562,
              25.0412432
            ],
            [
              121.4103128,
              25.0414073
            ],
            [
              121.4106419,
              25.0416311
            ],
            [
              121.4107101,
              25.0416284
            ],
            [
              121.4107634,
              25.0416145
            ],
            [
              121.4107781,
              25.0412788
            ],
            [
              121.4107007,
              25.0409467
            ],
            [
              121.4106578,
              25.0408447
            ],
            [
              121.4106645,
              25.0407766
            ],
            [
              121.4106844,
              25.0407441
            ],
            [
              121.4107355,
              25.040728
            ],
            [
              121.4110431,
              25.0407885
            ],
            [
              121.4112232,
              25.0407091
            ],
            [
              121.4113659,
              25.0407183
            ],
            [
              121.4114356,
              25.0407766
            ],
            [
              121.4115068,
              25.0408986
            ],
            [
              121.4115509,
              25.0409285
            ],
            [
              121.4115939,
              25.0409285
            ],
            [
              121.4116368,
              25.0409054
            ],
            [
              121.4117655,
              25.0406746
            ],
            [
              121.4119155,
              25.0405033
            ],
            [
              121.4119716,
              25.0404628
            ],
            [
              121.4120069,
              25.0403659
            ],
            [
              121.4120185,
              25.0403007
            ],
            [
              121.4116743,
              25.04005
            ],
            [
              121.4114141,
              25.0398848
            ],
            [
              121.411272,
              25.0397487
            ],
            [
              121.4112722,
              25.0397101
            ],
            [
              121.411339,
              25.0395761
            ],
            [
              121.4115873,
              25.0392779
            ],
            [
              121.4117655,
              25.0390755
            ],
            [
              121.4119508,
              25.0389916
            ],
            [
              121.4121904,
              25.0390403
            ],
            [
              121.4127527,
              25.0391102
            ],
            [
              121.4129657,
              25.039055
            ],
            [
              121.41314,
              25.0389522
            ],
            [
              121.4132585,
              25.0388279
            ],
            [
              121.4132639,
              25.0385543
            ],
            [
              121.4132781,
              25.0380831
            ],
            [
              121.4130826,
              25.0371059
            ],
            [
              121.412904,
              25.0363782
            ],
            [
              121.4126603,
              25.0352181
            ],
            [
              121.4127721,
              25.0351218
            ],
            [
              121.4134229,
              25.0348581
            ],
            [
              121.4137194,
              25.034766
            ],
            [
              121.4147788,
              25.0344578
            ],
            [
              121.4148959,
              25.0344677
            ],
            [
              121.4149734,
              25.0346614
            ],
            [
              121.4150368,
              25.0346903
            ],
            [
              121.4153257,
              25.0348823
            ],
            [
              121.4155452,
              25.0350113
            ],
            [
              121.4158931,
              25.0350462
            ],
            [
              121.4163265,
              25.0348311
            ],
            [
              121.4168579,
              25.0347657
            ],
            [
              121.4170091,
              25.0345878
            ],
            [
              121.4171933,
              25.0340317
            ],
            [
              121.4175545,
              25.0337138
            ],
            [
              121.4181066,
              25.0336063
            ],
            [
              121.418122,
              25.0335455
            ],
            [
              121.4181272,
              25.0333679
            ],
            [
              121.4180601,
              25.0332417
            ],
            [
              121.4179105,
              25.0328396
            ],
            [
              121.4177616,
              25.032344
            ],
            [
              121.4174992,
              25.0317633
            ],
            [
              121.4173326,
              25.031402
            ],
            [
              121.4171257,
              25.0313197
            ],
            [
              121.4170551,
              25.0311185
            ],
            [
              121.4168431,
              25.0307755
            ],
            [
              121.4166362,
              25.0304463
            ],
            [
              121.4168457,
              25.0304445
            ],
            [
              121.4171762,
              25.0303091
            ],
            [
              121.4174068,
              25.0303381
            ],
            [
              121.4178017,
              25.0303515
            ],
            [
              121.4180386,
              25.0303336
            ],
            [
              121.4185224,
              25.0301682
            ],
            [
              121.4201939,
              25.0291843
            ],
            [
              121.4209603,
              25.0289149
            ],
            [
              121.4212219,
              25.0294569
            ],
            [
              121.4215558,
              25.0293298
            ],
            [
              121.421848,
              25.0301345
            ],
            [
              121.4219845,
              25.0304839
            ],
            [
              121.4222629,
              25.0303137
            ],
            [
              121.4225334,
              25.0301336
            ],
            [
              121.4226606,
              25.0300384
            ],
            [
              121.4228407,
              25.0299036
            ],
            [
              121.4231646,
              25.0296161
            ],
            [
              121.4234719,
              25.0293438
            ],
            [
              121.424918,
              25.0297765
            ],
            [
              121.4259266,
              25.0300821
            ],
            [
              121.4261804,
              25.0301487
            ],
            [
              121.4257763,
              25.0304513
            ],
            [
              121.425272,
              25.0308598
            ],
            [
              121.4247644,
              25.0312714
            ],
            [
              121.4240697,
              25.0318403
            ],
            [
              121.4243214,
              25.0320805
            ],
            [
              121.424533,
              25.032303
            ],
            [
              121.4255629,
              25.0328277
            ],
            [
              121.4258839,
              25.033176
            ],
            [
              121.4265561,
              25.0339333
            ],
            [
              121.4271591,
              25.0347337
            ],
            [
              121.4273788,
              25.0347022
            ],
            [
              121.4279614,
              25.0354844
            ],
            [
              121.4280822,
              25.0355939
            ],
            [
              121.4285412,
              25.0359874
            ],
            [
              121.4287173,
              25.0361763
            ],
            [
              121.429248,
              25.0370365
            ],
            [
              121.4298735,
              25.0378544
            ],
            [
              121.4302573,
              25.0384598
            ],
            [
              121.4306483,
              25.0390394
            ],
            [
              121.4309148,
              25.0393613
            ],
            [
              121.4310936,
              25.0392618
            ],
            [
              121.431416,
              25.0396577
            ],
            [
              121.4317074,
              25.0400699
            ],
            [
              121.4325921,
              25.0410073
            ],
            [
              121.4327512,
              25.0411909
            ],
            [
              121.4331249,
              25.0409371
            ],
            [
              121.4337403,
              25.0405875
            ],
            [
              121.4353671,
              25.0395896
            ],
            [
              121.4356777,
              25.0393841
            ],
            [
              121.4364975,
              25.0389059
            ],
            [
              121.4366745,
              25.0388569
            ],
            [
              121.4368023,
              25.0397611
            ],
            [
              121.4369154,
              25.0405362
            ],
            [
              121.4372269,
              25.0424552
            ],
            [
              121.4373469,
              25.0432115
            ],
            [
              121.4397696,
              25.0418031
            ],
            [
              121.4403655,
              25.0415225
            ],
            [
              121.4405779,
              25.0414263
            ],
            [
              121.4407224,
              25.0415118
            ],
            [
              121.4409496,
              25.041461
            ],
            [
              121.4409938,
              25.0415385
            ],
            [
              121.4410587,
              25.0415305
            ],
            [
              121.4418109,
              25.0414022
            ],
            [
              121.4418699,
              25.041453
            ],
            [
              121.4418788,
              25.0415946
            ],
            [
              121.4418849,
              25.0417693
            ],
            [
              121.4418876,
              25.0418485
            ],
            [
              121.4418699,
              25.0428668
            ],
            [
              121.4418581,
              25.043452
            ],
            [
              121.4418463,
              25.0442912
            ],
            [
              121.4418434,
              25.0445397
            ],
            [
              121.4417844,
              25.0449727
            ],
            [
              121.4415779,
              25.0453682
            ],
            [
              121.4412387,
              25.0457985
            ],
            [
              121.4407165,
              25.0462848
            ],
            [
              121.4402505,
              25.0466536
            ],
            [
              121.4400381,
              25.0468434
            ],
            [
              121.4399112,
              25.0469423
            ],
            [
              121.4398729,
              25.0470491
            ],
            [
              121.4401266,
              25.0471721
            ],
            [
              121.4404688,
              25.047311
            ],
            [
              121.4411797,
              25.0474874
            ],
            [
              121.4415609,
              25.0475868
            ],
            [
              121.4419997,
              25.0477012
            ],
            [
              121.441923,
              25.0479471
            ],
            [
              121.4418109,
              25.0483319
            ],
            [
              121.4416481,
              25.0486855
            ],
            [
              121.441461,
              25.0490553
            ],
            [
              121.4413457,
              25.0492832
            ],
            [
              121.440915,
              25.0500635
            ],
            [
              121.4407776,
              25.050379
            ],
            [
              121.4407318,
              25.0505367
            ],
            [
              121.4408234,
              25.0506114
            ],
            [
              121.4411533,
              25.0506446
            ],
            [
              121.4411441,
              25.0507526
            ],
            [
              121.4410067,
              25.0510514
            ],
            [
              121.4407409,
              25.0515827
            ],
            [
              121.4405393,
              25.0520725
            ],
            [
              121.440411,
              25.0522551
            ],
            [
              121.4403561,
              25.0524045
            ],
            [
              121.4400812,
              25.0523215
            ],
            [
              121.4396597,
              25.052197
            ],
            [
              121.4394581,
              25.0522302
            ],
            [
              121.4394306,
              25.0524377
            ],
            [
              121.4396138,
              25.0527698
            ],
            [
              121.4396741,
              25.0530276
            ],
            [
              121.4395809,
              25.0536068
            ],
            [
              121.439447,
              25.053941
            ],
            [
              121.4392635,
              25.0542105
            ],
            [
              121.4389081,
              25.0548001
            ],
            [
              121.4387301,
              25.0551587
            ],
            [
              121.4386836,
              25.0553718
            ],
            [
              121.4386745,
              25.0557777
            ],
            [
              121.438785,
              25.0560086
            ],
            [
              121.4391294,
              25.0562508
            ],
            [
              121.4392658,
              25.0564294
            ],
            [
              121.4394489,
              25.0566691
            ],
            [
              121.4395386,
              25.0567747
            ],
            [
              121.4401592,
              25.0570588
            ],
            [
              121.4405435,
              25.0572161
            ],
            [
              121.4415168,
              25.0576372
            ],
            [
              121.4420747,
              25.0578675
            ],
            [
              121.4426637,
              25.0580416
            ],
            [
              121.4434014,
              25.0581595
            ],
            [
              121.4435502,
              25.0581707
            ],
            [
              121.4440786,
              25.0583346
            ],
            [
              121.4444485,
              25.0586697
            ],
            [
              121.4443363,
              25.0588482
            ],
            [
              121.4442484,
              25.0588839
            ],
            [
              121.4442029,
              25.0589718
            ],
            [
              121.4442029,
              25.059035
            ],
            [
              121.4443818,
              25.0590981
            ],
            [
              121.4444576,
              25.0591311
            ],
            [
              121.4444,
              25.0592767
            ],
            [
              121.4442454,
              25.0593069
            ],
            [
              121.4441847,
              25.059392
            ],
            [
              121.4441514,
              25.0594332
            ],
            [
              121.4440907,
              25.0595348
            ],
            [
              121.4441089,
              25.0595898
            ],
            [
              121.4441514,
              25.0596392
            ],
            [
              121.4442545,
              25.0596804
            ],
            [
              121.444491,
              25.0597628
            ],
            [
              121.444594,
              25.0597518
            ],
            [
              121.4446062,
              25.0596474
            ],
            [
              121.4445728,
              25.0595705
            ],
            [
              121.4445698,
              25.0595266
            ],
            [
              121.4446274,
              25.0594305
            ],
            [
              121.4448972,
              25.0593673
            ],
            [
              121.4450033,
              25.0592657
            ],
            [
              121.4452186,
              25.0589663
            ],
            [
              121.4452792,
              25.0589636
            ],
            [
              121.4454161,
              25.0590468
            ],
            [
              121.4456304,
              25.059167
            ],
            [
              121.4457333,
              25.0592991
            ],
            [
              121.4457847,
              25.0595166
            ],
            [
              121.4459391,
              25.0596564
            ],
            [
              121.4462821,
              25.0595943
            ],
            [
              121.4465696,
              25.0593524
            ],
            [
              121.4469752,
              25.0595727
            ],
            [
              121.4469283,
              25.0598715
            ],
            [
              121.4468287,
              25.060161
            ],
            [
              121.4469974,
              25.0605671
            ],
            [
              121.4471486,
              25.0606571
            ],
            [
              121.4473295,
              25.0607243
            ],
            [
              121.4474896,
              25.0606652
            ],
            [
              121.4476913,
              25.0606034
            ],
            [
              121.447887,
              25.0605228
            ],
            [
              121.4479938,
              25.0604933
            ],
            [
              121.4480739,
              25.0605577
            ],
            [
              121.4481183,
              25.0607565
            ],
            [
              121.4481035,
              25.0608398
            ],
            [
              121.4480857,
              25.0609097
            ],
            [
              121.4480205,
              25.0609688
            ],
            [
              121.4479819,
              25.0610091
            ],
            [
              121.4478988,
              25.0611192
            ],
            [
              121.4477417,
              25.0612052
            ],
            [
              121.4477803,
              25.0617478
            ],
            [
              121.4477546,
              25.0620066
            ],
            [
              121.4475341,
              25.0623388
            ],
            [
              121.4475964,
              25.0625946
            ],
            [
              121.4477476,
              25.0626225
            ],
            [
              121.4478939,
              25.0626164
            ],
            [
              121.4481055,
              25.062614
            ],
            [
              121.4482043,
              25.0627364
            ],
            [
              121.4484831,
              25.0630615
            ],
            [
              121.4483827,
              25.0632917
            ],
            [
              121.4480281,
              25.0632828
            ],
            [
              121.4474837,
              25.0633785
            ],
            [
              121.4463757,
              25.0637366
            ],
            [
              121.4459977,
              25.0639394
            ],
            [
              121.4458012,
              25.0641276
            ],
            [
              121.4457113,
              25.0642885
            ],
            [
              121.4456608,
              25.0644408
            ],
            [
              121.4456161,
              25.0647264
            ],
            [
              121.4455716,
              25.0652121
            ],
            [
              121.4455412,
              25.0659009
            ],
            [
              121.4453924,
              25.0666107
            ],
            [
              121.4453967,
              25.0667488
            ],
            [
              121.4453623,
              25.0672875
            ],
            [
              121.4453743,
              25.0676885
            ],
            [
              121.4454066,
              25.0686117
            ],
            [
              121.4454031,
              25.0689382
            ],
            [
              121.4455265,
              25.0692006
            ],
            [
              121.4455748,
              25.0692832
            ],
            [
              121.4455525,
              25.0693675
            ],
            [
              121.445452,
              25.0693653
            ],
            [
              121.4451791,
              25.0692754
            ],
            [
              121.4450568,
              25.0692498
            ],
            [
              121.4448532,
              25.069162
            ],
            [
              121.444613,
              25.0691137
            ],
            [
              121.4443698,
              25.0691163
            ],
            [
              121.4439131,
              25.0691754
            ],
            [
              121.4436195,
              25.069256
            ],
            [
              121.4433734,
              25.0693312
            ],
            [
              121.4432874,
              25.0693017
            ],
            [
              121.4429019,
              25.0691486
            ],
            [
              121.44289,
              25.0690949
            ],
            [
              121.4428337,
              25.0687161
            ],
            [
              121.4428959,
              25.068246
            ],
            [
              121.442807,
              25.0681359
            ],
            [
              121.4423236,
              25.0674213
            ],
            [
              121.4421249,
              25.0674401
            ],
            [
              121.4420359,
              25.0675127
            ],
            [
              121.4416593,
              25.0676362
            ],
            [
              121.4412916,
              25.0677437
            ],
            [
              121.4410187,
              25.0678001
            ],
            [
              121.4407281,
              25.067792
            ],
            [
              121.4404968,
              25.0676765
            ],
            [
              121.4403871,
              25.0674831
            ],
            [
              121.4404049,
              25.0674079
            ],
            [
              121.4404642,
              25.067244
            ],
            [
              121.4404523,
              25.0671554
            ],
            [
              121.4403989,
              25.0670936
            ],
            [
              121.440307,
              25.0670453
            ],
            [
              121.4401528,
              25.0670694
            ],
            [
              121.439699,
              25.0672037
            ],
            [
              121.4395389,
              25.0672548
            ],
            [
              121.4392068,
              25.0673246
            ],
            [
              121.4386848,
              25.0674079
            ],
            [
              121.4385662,
              25.0673757
            ],
            [
              121.4384683,
              25.0673085
            ],
            [
              121.4382667,
              25.0671769
            ],
            [
              121.4381896,
              25.0670426
            ],
            [
              121.4381747,
              25.0669271
            ],
            [
              121.4381925,
              25.0668465
            ],
            [
              121.4383289,
              25.0666557
            ],
            [
              121.438753,
              25.0661158
            ],
            [
              121.4387767,
              25.0660352
            ],
            [
              121.4388242,
              25.06596
            ],
            [
              121.4387975,
              25.0657102
            ],
            [
              121.4386848,
              25.0654953
            ],
            [
              121.4385929,
              25.0653744
            ],
            [
              121.4381154,
              25.0648425
            ],
            [
              121.4380205,
              25.0647297
            ],
            [
              121.4376172,
              25.0644315
            ],
            [
              121.4374007,
              25.0644503
            ],
            [
              121.4372317,
              25.0645443
            ],
            [
              121.4370864,
              25.0646195
            ],
            [
              121.4369381,
              25.0647082
            ],
            [
              121.4364547,
              25.0652454
            ],
            [
              121.4360632,
              25.0657558
            ],
            [
              121.4357993,
              25.0660916
            ],
            [
              121.4356184,
              25.0662313
            ],
            [
              121.4354879,
              25.0663495
            ],
            [
              121.4352418,
              25.0664892
            ],
            [
              121.4348325,
              25.0666611
            ],
            [
              121.4344233,
              25.0666154
            ],
            [
              121.4337026,
              25.0664838
            ],
            [
              121.4331777,
              25.0662823
            ],
            [
              121.4324956,
              25.0660137
            ],
            [
              121.4322424,
              25.0660205
            ],
            [
              121.4319447,
              25.0660885
            ],
            [
              121.4318995,
              25.0663764
            ],
            [
              121.4318877,
              25.0665644
            ],
            [
              121.431944,
              25.0670614
            ],
            [
              121.4319915,
              25.0674079
            ],
            [
              121.4319648,
              25.0675073
            ],
            [
              121.4317335,
              25.0677867
            ],
            [
              121.4317009,
              25.0678968
            ],
            [
              121.4315971,
              25.068246
            ],
            [
              121.4315555,
              25.0685791
            ],
            [
              121.4314606,
              25.0686865
            ],
            [
              121.4313183,
              25.0687618
            ],
            [
              121.4309862,
              25.0689301
            ],
            [
              121.4307198,
              25.06905
            ],
            [
              121.4303646,
              25.0691264
            ],
            [
              121.4298482,
              25.0691542
            ],
            [
              121.4294766,
              25.0691222
            ],
            [
              121.4282262,
              25.0691835
            ],
            [
              121.4258683,
              25.0692172
            ],
            [
              121.4242713,
              25.0692025
            ],
            [
              121.4240234,
              25.0692067
            ],
            [
              121.4236266,
              25.0693745
            ],
            [
              121.4233504,
              25.0694064
            ],
            [
              121.4232372,
              25.0693892
            ],
            [
              121.4229582,
              25.0692921
            ],
            [
              121.421979,
              25.0692588
            ],
            [
              121.4208698,
              25.0690549
            ],
            [
              121.4197039,
              25.068965
            ],
            [
              121.419321,
              25.0690329
            ],
            [
              121.4190499,
              25.0693165
            ],
            [
              121.4182437,
              25.0696641
            ],
            [
              121.4175837,
              25.0698163
            ],
            [
              121.4173632,
              25.0699109
            ],
            [
              121.4169107,
              25.0701001
            ],
            [
              121.4165394,
              25.0702472
            ],
            [
              121.4160289,
              25.070531
            ],
            [
              121.4156808,
              25.0705941
            ],
            [
              121.4154603,
              25.0707832
            ],
            [
              121.4153095,
              25.0710565
            ],
            [
              121.4151354,
              25.0714664
            ],
            [
              121.4148802,
              25.0719708
            ],
            [
              121.4140679,
              25.0727801
            ],
            [
              121.4135226,
              25.0730639
            ],
            [
              121.4120863,
              25.0741722
            ],
            [
              121.4112748,
              25.0745474
            ],
            [
              121.4112294,
              25.0746656
            ],
            [
              121.410948,
              25.0749999
            ],
            [
              121.4104374,
              25.0756499
            ],
            [
              121.409797,
              25.0756893
            ],
            [
              121.4092379,
              25.0757193
            ],
            [
              121.4085966,
              25.0758028
            ],
            [
              121.408278,
              25.0758586
            ],
            [
              121.4081114,
              25.0758955
            ],
            [
              121.4079769,
              25.0758926
            ],
            [
              121.4077309,
              25.0757913
            ],
            [
              121.4075855,
              25.0758166
            ],
            [
              121.4074289,
              25.0759483
            ],
            [
              121.4071157,
              25.0759888
            ],
            [
              121.4065971,
              25.0759901
            ],
            [
              121.4061789,
              25.0758816
            ],
            [
              121.4053867,
              25.0755755
            ],
            [
              121.4048976,
              25.075181
            ],
            [
              121.4047397,
              25.0751101
            ],
            [
              121.4045567,
              25.0751962
            ],
            [
              121.4038307,
              25.075174
            ],
            [
              121.4033384,
              25.0751661
            ],
            [
              121.4031089,
              25.0751491
            ],
            [
              121.4027838,
              25.0750688
            ],
            [
              121.4024112,
              25.07499
            ],
            [
              121.4020494,
              25.0750099
            ],
            [
              121.4016703,
              25.0751418
            ],
            [
              121.4014203,
              25.075193
            ],
            [
              121.4011242,
              25.075335
            ],
            [
              121.400863,
              25.0754114
            ],
            [
              121.3999141,
              25.0757786
            ],
            [
              121.3991774,
              25.0761289
            ],
            [
              121.3990349,
              25.0762978
            ],
            [
              121.3988336,
              25.0763889
            ],
            [
              121.3985354,
              25.0767076
            ],
            [
              121.3982682,
              25.0766569
            ],
            [
              121.3981897,
              25.0765984
            ],
            [
              121.3981696,
              25.0765329
            ],
            [
              121.3981535,
              25.0764309
            ],
            [
              121.398254,
              25.0760741
            ],
            [
              121.3990741,
              25.0751857
            ],
            [
              121.3991706,
              25.0749308
            ],
            [
              121.3994238,
              25.0746359
            ],
            [
              121.3994238,
              25.074341
            ],
            [
              121.3995324,
              25.0739805
            ],
            [
              121.399456,
              25.0736565
            ],
            [
              121.3993073,
              25.0734963
            ],
            [
              121.3992389,
              25.0733142
            ],
            [
              121.3989575,
              25.0728773
            ],
            [
              121.3989254,
              25.072779
            ],
            [
              121.3990098,
              25.072586
            ],
            [
              121.3990902,
              25.0725933
            ],
            [
              121.3991223,
              25.0725496
            ],
            [
              121.3990379,
              25.0720908
            ],
            [
              121.399058,
              25.0719634
            ],
            [
              121.3991666,
              25.0716065
            ],
            [
              121.3991987,
              25.0713953
            ],
            [
              121.3992671,
              25.0712679
            ],
            [
              121.3993434,
              25.0709693
            ],
            [
              121.3993555,
              25.0708565
            ],
            [
              121.3992671,
              25.0706052
            ],
            [
              121.3993032,
              25.0705397
            ],
            [
              121.3993635,
              25.0703066
            ],
            [
              121.3993394,
              25.0702557
            ],
            [
              121.3992228,
              25.0699134
            ],
            [
              121.3992188,
              25.0697813
            ],
            [
              121.3991959,
              25.0696138
            ],
            [
              121.3991649,
              25.0692227
            ],
            [
              121.3992854,
              25.069232
            ],
            [
              121.399274,
              25.0688507
            ],
            [
              121.3989767,
              25.0685217
            ],
            [
              121.3983827,
              25.0682057
            ],
            [
              121.3984269,
              25.0680891
            ],
            [
              121.3984751,
              25.0680637
            ],
            [
              121.3986078,
              25.0680153
            ],
            [
              121.3988048,
              25.0679872
            ],
            [
              121.3991218,
              25.0680928
            ],
            [
              121.3998799,
              25.0686213
            ],
            [
              121.3999682,
              25.0688593
            ],
            [
              121.400505,
              25.0693993
            ],
            [
              121.4005302,
              25.0697139
            ],
            [
              121.400895,
              25.0698291
            ],
            [
              121.4011744,
              25.0701169
            ],
            [
              121.4013225,
              25.070106
            ],
            [
              121.4014843,
              25.0699204
            ],
            [
              121.4016514,
              25.0699188
            ],
            [
              121.4018098,
              25.0698689
            ],
            [
              121.4019773,
              25.0699037
            ],
            [
              121.401998,
              25.0701351
            ],
            [
              121.4017169,
              25.0711364
            ],
            [
              121.4016887,
              25.0714748
            ],
            [
              121.4014172,
              25.0717436
            ],
            [
              121.4013621,
              25.0719994
            ],
            [
              121.4015274,
              25.0721117
            ],
            [
              121.4020371,
              25.0715564
            ],
            [
              121.4025192,
              25.0712008
            ],
            [
              121.4030282,
              25.0705338
            ],
            [
              121.4032406,
              25.0706774
            ],
            [
              121.4033835,
              25.0707532
            ],
            [
              121.4034765,
              25.0708827
            ],
            [
              121.4035179,
              25.0708203
            ],
            [
              121.4037038,
              25.0705832
            ],
            [
              121.4038558,
              25.070433
            ],
            [
              121.4039753,
              25.0701055
            ],
            [
              121.4044438,
              25.0701149
            ],
            [
              121.4047858,
              25.0702501
            ],
            [
              121.405467,
              25.070315
            ],
            [
              121.4057769,
              25.0702401
            ],
            [
              121.4059147,
              25.0702027
            ],
            [
              121.4059354,
              25.0698533
            ],
            [
              121.4059491,
              25.0696163
            ],
            [
              121.40608,
              25.0693854
            ],
            [
              121.4061213,
              25.0691484
            ],
            [
              121.4061971,
              25.06893
            ],
            [
              121.4062109,
              25.0687928
            ],
            [
              121.4057632,
              25.0685183
            ],
            [
              121.4053224,
              25.0681751
            ],
            [
              121.4045716,
              25.0679755
            ],
            [
              121.4042721,
              25.0678746
            ],
            [
              121.4040586,
              25.0679131
            ],
            [
              121.4039173,
              25.068119
            ],
            [
              121.4035247,
              25.068094
            ],
            [
              121.4032497,
              25.0680395
            ],
            [
              121.4030627,
              25.0681242
            ],
            [
              121.4028933,
              25.0680327
            ],
            [
              121.4028291,
              25.0678133
            ],
            [
              121.4028291,
              25.0676261
            ],
            [
              121.4026294,
              25.0673766
            ],
            [
              121.4027602,
              25.0672643
            ],
            [
              121.4026248,
              25.0670737
            ],
            [
              121.4025812,
              25.0670022
            ],
            [
              121.4026523,
              25.0668505
            ],
            [
              121.402762,
              25.0666794
            ],
            [
              121.4028635,
              25.0665905
            ],
            [
              121.4034834,
              25.0663476
            ],
            [
              121.4034214,
              25.0662536
            ],
            [
              121.4033663,
              25.0659853
            ],
            [
              121.4034283,
              25.0659292
            ],
            [
              121.4035661,
              25.0658917
            ],
            [
              121.403814,
              25.0659292
            ],
            [
              121.4040551,
              25.0659916
            ],
            [
              121.4041653,
              25.0658855
            ],
            [
              121.4046818,
              25.0652679
            ],
            [
              121.4050888,
              25.0649921
            ],
            [
              121.4054324,
              25.0648457
            ],
            [
              121.4056682,
              25.0646565
            ],
            [
              121.4056479,
              25.0644673
            ],
            [
              121.4054542,
              25.0643094
            ],
            [
              121.4053714,
              25.0642528
            ],
            [
              121.4052957,
              25.0641706
            ],
            [
              121.4052049,
              25.0639293
            ],
            [
              121.405217,
              25.063891
            ],
            [
              121.4052412,
              25.0637347
            ],
            [
              121.4052987,
              25.063647
            ],
            [
              121.4054682,
              25.0635291
            ],
            [
              121.4056117,
              25.0634451
            ],
            [
              121.4055663,
              25.0633803
            ],
            [
              121.4055019,
              25.0632849
            ],
            [
              121.4053774,
              25.0631536
            ],
            [
              121.4051747,
              25.0630522
            ],
            [
              121.4051202,
              25.0630549
            ],
            [
              121.4050627,
              25.0630549
            ],
            [
              121.4048933,
              25.0630851
            ],
            [
              121.4047783,
              25.0630741
            ],
            [
              121.4042154,
              25.0629316
            ],
            [
              121.4040157,
              25.0628274
            ],
            [
              121.4039219,
              25.0627342
            ],
            [
              121.4037161,
              25.0624957
            ],
            [
              121.4036163,
              25.0625149
            ],
            [
              121.4035799,
              25.0626246
            ],
            [
              121.403592,
              25.0626657
            ],
            [
              121.4037131,
              25.0628137
            ],
            [
              121.4037494,
              25.0629919
            ],
            [
              121.4035467,
              25.0637676
            ],
            [
              121.4036828,
              25.0639787
            ],
            [
              121.4037252,
              25.0641678
            ],
            [
              121.4036223,
              25.0642802
            ],
            [
              121.4034982,
              25.0643241
            ],
            [
              121.4033984,
              25.0642747
            ],
            [
              121.4031835,
              25.064039
            ],
            [
              121.4030383,
              25.0639979
            ],
            [
              121.4028416,
              25.0639266
            ],
            [
              121.4027992,
              25.0637868
            ],
            [
              121.4029112,
              25.063636
            ],
            [
              121.4028476,
              25.0635374
            ],
            [
              121.402315,
              25.0634825
            ],
            [
              121.4020851,
              25.0634442
            ],
            [
              121.4018521,
              25.0634414
            ],
            [
              121.4016523,
              25.063425
            ],
            [
              121.4014284,
              25.0633263
            ],
            [
              121.4010895,
              25.0632386
            ],
            [
              121.4007294,
              25.0631207
            ],
            [
              121.4004752,
              25.0630604
            ],
            [
              121.4001817,
              25.0630686
            ],
            [
              121.4001544,
              25.0634058
            ],
            [
              121.4001665,
              25.0636251
            ],
            [
              121.4002657,
              25.063876
            ],
            [
              121.4004923,
              25.0643137
            ],
            [
              121.4006171,
              25.064497
            ],
            [
              121.4005571,
              25.0645863
            ],
            [
              121.4001329,
              25.0646406
            ],
            [
              121.4000515,
              25.0652073
            ],
            [
              121.3999958,
              25.0653898
            ],
            [
              121.3999101,
              25.065448
            ],
            [
              121.3997001,
              25.0654596
            ],
            [
              121.3994687,
              25.0653781
            ],
            [
              121.3990659,
              25.0655373
            ],
            [
              121.3987017,
              25.0655644
            ],
            [
              121.3981515,
              25.0656865
            ],
            [
              121.3976611,
              25.0655916
            ],
            [
              121.397242,
              25.0656599
            ],
            [
              121.396978,
              25.0657928
            ],
            [
              121.3967768,
              25.0659181
            ],
            [
              121.3963493,
              25.0661725
            ],
            [
              121.3958463,
              25.0662901
            ],
            [
              121.3958044,
              25.0663243
            ],
            [
              121.395599,
              25.0664306
            ],
            [
              121.3951799,
              25.0665787
            ],
            [
              121.3948278,
              25.0666926
            ],
            [
              121.3947105,
              25.0667685
            ],
            [
              121.3947147,
              25.0668786
            ],
            [
              121.3948823,
              25.067095
            ],
            [
              121.3951506,
              25.0671671
            ],
            [
              121.3954439,
              25.0672051
            ],
            [
              121.3958379,
              25.0671406
            ],
            [
              121.3961607,
              25.0673152
            ],
            [
              121.3962538,
              25.0674431
            ],
            [
              121.3965818,
              25.0676734
            ],
            [
              121.3966234,
              25.0679179
            ],
            [
              121.396631,
              25.0680832
            ],
            [
              121.3965854,
              25.0681452
            ],
            [
              121.3963522,
              25.0683564
            ],
            [
              121.3962761,
              25.0684184
            ],
            [
              121.3960936,
              25.0683839
            ],
            [
              121.3959187,
              25.0683633
            ],
            [
              121.3956374,
              25.0685561
            ],
            [
              121.395569,
              25.0685699
            ],
            [
              121.3955132,
              25.0686365
            ],
            [
              121.3955768,
              25.0687885
            ],
            [
              121.3958049,
              25.0689479
            ],
            [
              121.3958644,
              25.0692129
            ],
            [
              121.3960677,
              25.0692803
            ],
            [
              121.3961371,
              25.0693656
            ],
            [
              121.3962759,
              25.0695273
            ],
            [
              121.3964977,
              25.0696995
            ],
            [
              121.3967756,
              25.0702946
            ],
            [
              121.3969163,
              25.0705472
            ],
            [
              121.3969357,
              25.070723
            ],
            [
              121.3969963,
              25.0717399
            ],
            [
              121.3970666,
              25.0724274
            ],
            [
              121.3970697,
              25.0725406
            ],
            [
              121.3969616,
              25.0727199
            ],
            [
              121.3967106,
              25.0728681
            ],
            [
              121.3964556,
              25.0728914
            ],
            [
              121.3963052,
              25.0729925
            ],
            [
              121.3963058,
              25.0730891
            ],
            [
              121.3962349,
              25.0731973
            ],
            [
              121.3961282,
              25.0731874
            ],
            [
              121.3954316,
              25.072618
            ],
            [
              121.3946732,
              25.071986
            ],
            [
              121.3944961,
              25.0719266
            ],
            [
              121.3943742,
              25.0719164
            ],
            [
              121.3939414,
              25.0718239
            ],
            [
              121.3931594,
              25.071214
            ],
            [
              121.3928,
              25.0708836
            ],
            [
              121.3921348,
              25.0703637
            ],
            [
              121.3919202,
              25.0702812
            ],
            [
              121.391947,
              25.0702179
            ],
            [
              121.3922206,
              25.0698448
            ],
            [
              121.392255,
              25.0697367
            ],
            [
              121.3921789,
              25.069667
            ],
            [
              121.3920407,
              25.0696463
            ],
            [
              121.3917344,
              25.0693277
            ],
            [
              121.3914442,
              25.0692346
            ],
            [
              121.391331,
              25.0692106
            ],
            [
              121.3911626,
              25.0691642
            ],
            [
              121.39084,
              25.0693076
            ],
            [
              121.3902996,
              25.0695412
            ],
            [
              121.3900446,
              25.0695929
            ],
            [
              121.3897281,
              25.0693123
            ],
            [
              121.3897574,
              25.0688148
            ],
            [
              121.3897876,
              25.0683071
            ],
            [
              121.3898999,
              25.0680568
            ],
            [
              121.3896305,
              25.0677809
            ],
            [
              121.3884449,
              25.0678553
            ],
            [
              121.3884377,
              25.0679762
            ],
            [
              121.3883065,
              25.0679931
            ],
            [
              121.388241,
              25.0680688
            ],
            [
              121.388519,
              25.0682233
            ],
            [
              121.3885351,
              25.0683471
            ],
            [
              121.3886038,
              25.0686283
            ],
            [
              121.3887729,
              25.0690039
            ],
            [
              121.38872,
              25.0691211
            ],
            [
              121.3886545,
              25.069239
            ],
            [
              121.3884831,
              25.0692629
            ],
            [
              121.388527,
              25.0695466
            ],
            [
              121.3884783,
              25.0696858
            ],
            [
              121.3883375,
              25.0699087
            ],
            [
              121.387894,
              25.0698472
            ],
            [
              121.3879261,
              25.0699243
            ],
            [
              121.3876387,
              25.069964
            ],
            [
              121.3876489,
              25.0703304
            ],
            [
              121.3876056,
              25.0706532
            ],
            [
              121.3875951,
              25.0710367
            ],
            [
              121.387232,
              25.0713409
            ],
            [
              121.3870843,
              25.0715968
            ],
            [
              121.3870069,
              25.0718618
            ],
            [
              121.3869477,
              25.0721581
            ],
            [
              121.3870037,
              25.0722163
            ],
            [
              121.3877266,
              25.0722835
            ],
            [
              121.388125,
              25.0723691
            ],
            [
              121.3881712,
              25.0724856
            ],
            [
              121.3880255,
              25.0726408
            ],
            [
              121.3877513,
              25.0728096
            ],
            [
              121.387495,
              25.0728929
            ],
            [
              121.3874505,
              25.0726902
            ],
            [
              121.3872945,
              25.0726507
            ],
            [
              121.387064,
              25.0726813
            ],
            [
              121.3870044,
              25.0729842
            ],
            [
              121.3868089,
              25.0729867
            ],
            [
              121.3863452,
              25.0728681
            ],
            [
              121.3857935,
              25.0726213
            ],
            [
              121.3859218,
              25.0722431
            ],
            [
              121.3860044,
              25.0717171
            ],
            [
              121.3858515,
              25.0716256
            ],
            [
              121.3858358,
              25.0715055
            ],
            [
              121.3855971,
              25.0713656
            ],
            [
              121.3855971,
              25.071194
            ],
            [
              121.3858852,
              25.0706884
            ],
            [
              121.3858791,
              25.07061
            ],
            [
              121.3858561,
              25.0703101
            ],
            [
              121.3858499,
              25.0702093
            ],
            [
              121.3858283,
              25.0699951
            ],
            [
              121.3854094,
              25.0699328
            ],
            [
              121.3851854,
              25.0704693
            ],
            [
              121.3849175,
              25.0706544
            ],
            [
              121.3846796,
              25.0710979
            ],
            [
              121.3844088,
              25.0713346
            ],
            [
              121.3843398,
              25.0712503
            ],
            [
              121.3839354,
              25.0715655
            ],
            [
              121.3837715,
              25.0715236
            ],
            [
              121.3832465,
              25.0714993
            ],
            [
              121.3829893,
              25.0714759
            ],
            [
              121.3823696,
              25.0714278
            ],
            [
              121.3821345,
              25.0716477
            ],
            [
              121.3817891,
              25.0716989
            ],
            [
              121.3814239,
              25.0717798
            ],
            [
              121.3811953,
              25.0718525
            ],
            [
              121.380803,
              25.0720172
            ],
            [
              121.380657,
              25.0720234
            ],
            [
              121.3803169,
              25.0720083
            ],
            [
              121.3799409,
              25.0719309
            ],
            [
              121.3793949,
              25.0719045
            ],
            [
              121.3787888,
              25.071952
            ],
            [
              121.3781751,
              25.0721077
            ],
            [
              121.3779759,
              25.0722443
            ],
            [
              121.3774878,
              25.0726809
            ],
            [
              121.3773436,
              25.0728335
            ],
            [
              121.3771603,
              25.0727816
            ],
            [
              121.3770367,
              25.0726473
            ],
            [
              121.3769934,
              25.0725354
            ]
          ]
        ]
      },
      "properties": {
        "name": "新北市泰山區",
        "display_name": "泰山區, 新北市, 臺灣",
        "osm_id": 2878929,
        "osm_type": "relation",
        "source": "OSM Nominatim"
      }
    },
    {
      "type": "Feature",
      "geometry": {
        "type": "Polygon",
        "coordinates": [
          [
            [
              121.4075637,
              24.9521421
            ],
            [
              121.4077743,
              24.9519862
            ],
            [
              121.4080305,
              24.9518198
            ],
            [
              121.408236,
              24.9516692
            ],
            [
              121.4084932,
              24.9514416
            ],
            [
              121.4086826,
              24.9512668
            ],
            [
              121.4087684,
              24.9511282
            ],
            [
              121.4088097,
              24.9509881
            ],
            [
              121.4088094,
              24.9508948
            ],
            [
              121.4086997,
              24.9505406
            ],
            [
              121.4085994,
              24.9502822
            ],
            [
              121.4085402,
              24.9501175
            ],
            [
              121.4084986,
              24.9500056
            ],
            [
              121.4084811,
              24.9498974
            ],
            [
              121.4084637,
              24.9498281
            ],
            [
              121.40847,
              24.9497127
            ],
            [
              121.4084691,
              24.9496128
            ],
            [
              121.4084811,
              24.9495168
            ],
            [
              121.4085361,
              24.9492359
            ],
            [
              121.408575,
              24.9491228
            ],
            [
              121.4085981,
              24.9490004
            ],
            [
              121.4086072,
              24.948859
            ],
            [
              121.4085858,
              24.9486656
            ],
            [
              121.4085858,
              24.9485294
            ],
            [
              121.4085777,
              24.9484358
            ],
            [
              121.4085817,
              24.9483507
            ],
            [
              121.4085914,
              24.9482227
            ],
            [
              121.4085992,
              24.9481768
            ],
            [
              121.4085951,
              24.9480637
            ],
            [
              121.4085898,
              24.9479822
            ],
            [
              121.4085737,
              24.947902
            ],
            [
              121.4085723,
              24.9478205
            ],
            [
              121.4085643,
              24.9477099
            ],
            [
              121.408577,
              24.9476424
            ],
            [
              121.4086005,
              24.9475931
            ],
            [
              121.4086515,
              24.9475153
            ],
            [
              121.4087225,
              24.947412
            ],
            [
              121.4087467,
              24.9473542
            ],
            [
              121.4087876,
              24.9473031
            ],
            [
              121.4088352,
              24.9472071
            ],
            [
              121.4088589,
              24.9471405
            ],
            [
              121.4087898,
              24.9469351
            ],
            [
              121.4087708,
              24.9468781
            ],
            [
              121.4087657,
              24.9468329
            ],
            [
              121.408755,
              24.9467673
            ],
            [
              121.4087536,
              24.9466153
            ],
            [
              121.4087516,
              24.9464991
            ],
            [
              121.4087509,
              24.9463568
            ],
            [
              121.4087577,
              24.9462961
            ],
            [
              121.4087737,
              24.9462036
            ],
            [
              121.4088133,
              24.9460821
            ],
            [
              121.4088455,
              24.9460225
            ],
            [
              121.4088992,
              24.9459683
            ],
            [
              121.4090976,
              24.9458146
            ],
            [
              121.4092291,
              24.9457544
            ],
            [
              121.4093571,
              24.9456748
            ],
            [
              121.4094027,
              24.9456054
            ],
            [
              121.4094207,
              24.945552
            ],
            [
              121.4093733,
              24.9454449
            ],
            [
              121.4093509,
              24.9454104
            ],
            [
              121.4093329,
              24.9453679
            ],
            [
              121.4092955,
              24.9453131
            ],
            [
              121.4092577,
              24.9452441
            ],
            [
              121.409244,
              24.9452133
            ],
            [
              121.4091834,
              24.9450635
            ],
            [
              121.4091609,
              24.9450164
            ],
            [
              121.4091307,
              24.9449002
            ],
            [
              121.4091283,
              24.9448509
            ],
            [
              121.4091309,
              24.9447581
            ],
            [
              121.409148,
              24.944734
            ],
            [
              121.4091775,
              24.9446762
            ],
            [
              121.4092976,
              24.9445619
            ],
            [
              121.409342,
              24.9445205
            ],
            [
              121.4094537,
              24.9443467
            ],
            [
              121.409478,
              24.9443005
            ],
            [
              121.4094985,
              24.9442385
            ],
            [
              121.4095105,
              24.9442004
            ],
            [
              121.4095401,
              24.9441406
            ],
            [
              121.4095722,
              24.9440801
            ],
            [
              121.4096041,
              24.944011
            ],
            [
              121.4096461,
              24.9439164
            ],
            [
              121.4096662,
              24.9438595
            ],
            [
              121.4096849,
              24.9438077
            ],
            [
              121.4096897,
              24.943761
            ],
            [
              121.4097171,
              24.9436686
            ],
            [
              121.4097337,
              24.9436171
            ],
            [
              121.4097515,
              24.9434885
            ],
            [
              121.4097608,
              24.943439
            ],
            [
              121.4097743,
              24.9433589
            ],
            [
              121.4097768,
              24.9432831
            ],
            [
              121.4097693,
              24.9431584
            ],
            [
              121.4097297,
              24.9429831
            ],
            [
              121.4097248,
              24.9429238
            ],
            [
              121.4097035,
              24.9428546
            ],
            [
              121.4096512,
              24.942668
            ],
            [
              121.4096222,
              24.9426051
            ],
            [
              121.4095963,
              24.9425517
            ],
            [
              121.4095542,
              24.9424891
            ],
            [
              121.4095198,
              24.9424299
            ],
            [
              121.4094826,
              24.9423865
            ],
            [
              121.409448,
              24.9423376
            ],
            [
              121.4094094,
              24.9422816
            ],
            [
              121.4093776,
              24.9422351
            ],
            [
              121.4093506,
              24.9421932
            ],
            [
              121.409308,
              24.9421117
            ],
            [
              121.4092566,
              24.9420396
            ],
            [
              121.4092336,
              24.9419822
            ],
            [
              121.409222,
              24.9419372
            ],
            [
              121.4092168,
              24.9418983
            ],
            [
              121.4092042,
              24.9418169
            ],
            [
              121.4092217,
              24.9416772
            ],
            [
              121.4092484,
              24.9416625
            ],
            [
              121.4094333,
              24.9416274
            ],
            [
              121.4095185,
              24.9416323
            ],
            [
              121.4096137,
              24.9416201
            ],
            [
              121.4096747,
              24.9415976
            ],
            [
              121.4097901,
              24.9415539
            ],
            [
              121.4100254,
              24.9414061
            ],
            [
              121.4100804,
              24.9413897
            ],
            [
              121.4102333,
              24.9413733
            ],
            [
              121.4103097,
              24.9413781
            ],
            [
              121.4105666,
              24.9413599
            ],
            [
              121.4106598,
              24.9413587
            ],
            [
              121.4108174,
              24.9413496
            ],
            [
              121.4110299,
              24.9413484
            ],
            [
              121.4110742,
              24.9413423
            ],
            [
              121.4111245,
              24.9413429
            ],
            [
              121.4112559,
              24.9413496
            ],
            [
              121.411339,
              24.9413423
            ],
            [
              121.4114262,
              24.9413465
            ],
            [
              121.4115979,
              24.9413599
            ],
            [
              121.4121088,
              24.9413733
            ],
            [
              121.4122483,
              24.9413733
            ],
            [
              121.4123221,
              24.9413623
            ],
            [
              121.4124508,
              24.9413636
            ],
            [
              121.4125098,
              24.9413623
            ],
            [
              121.4125822,
              24.9413526
            ],
            [
              121.4126641,
              24.9413538
            ],
            [
              121.4127552,
              24.9413526
            ],
            [
              121.4128535,
              24.9413646
            ],
            [
              121.4129765,
              24.941411
            ],
            [
              121.4131308,
              24.9414912
            ],
            [
              121.4131953,
              24.9415148
            ],
            [
              121.4133842,
              24.9414937
            ],
            [
              121.4135393,
              24.9414752
            ],
            [
              121.4136927,
              24.941366
            ],
            [
              121.4137933,
              24.9413137
            ],
            [
              121.4139059,
              24.9412432
            ],
            [
              121.4139783,
              24.9412103
            ],
            [
              121.4140481,
              24.9411593
            ],
            [
              121.4141086,
              24.9411214
            ],
            [
              121.4141446,
              24.9410608
            ],
            [
              121.4141822,
              24.9410255
            ],
            [
              121.4142581,
              24.9409238
            ],
            [
              121.4142761,
              24.9408723
            ],
            [
              121.4142962,
              24.9408443
            ],
            [
              121.4143029,
              24.9407969
            ],
            [
              121.4143203,
              24.9407227
            ],
            [
              121.414327,
              24.9406692
            ],
            [
              121.4143552,
              24.9405415
            ],
            [
              121.4143847,
              24.9403786
            ],
            [
              121.4144075,
              24.9403311
            ],
            [
              121.4144459,
              24.9402483
            ],
            [
              121.4145067,
              24.9401706
            ],
            [
              121.4145134,
              24.9401451
            ],
            [
              121.4145751,
              24.9400551
            ],
            [
              121.4146651,
              24.9398835
            ],
            [
              121.4147315,
              24.9397011
            ],
            [
              121.4147414,
              24.9396076
            ],
            [
              121.4147119,
              24.9395626
            ],
            [
              121.4146596,
              24.9395225
            ],
            [
              121.414651,
              24.9394822
            ],
            [
              121.4146672,
              24.9394506
            ],
            [
              121.414834,
              24.939469
            ],
            [
              121.4150577,
              24.9394285
            ],
            [
              121.4150982,
              24.9393972
            ],
            [
              121.4152926,
              24.9393145
            ],
            [
              121.4155461,
              24.939182
            ],
            [
              121.4157392,
              24.9390932
            ],
            [
              121.4158022,
              24.9390701
            ],
            [
              121.4159109,
              24.9390178
            ],
            [
              121.4159659,
              24.938985
            ],
            [
              121.4160946,
              24.9388792
            ],
            [
              121.4161752,
              24.9388
            ],
            [
              121.4162756,
              24.9386518
            ],
            [
              121.4162971,
              24.9385958
            ],
            [
              121.4163494,
              24.9385168
            ],
            [
              121.4164138,
              24.9384304
            ],
            [
              121.4164969,
              24.9382833
            ],
            [
              121.4165331,
              24.938242
            ],
            [
              121.4165667,
              24.9381872
            ],
            [
              121.4166149,
              24.9381422
            ],
            [
              121.4166981,
              24.9380267
            ],
            [
              121.4168322,
              24.9379428
            ],
            [
              121.4169475,
              24.937899
            ],
            [
              121.4170843,
              24.9378175
            ],
            [
              121.4171615,
              24.9377836
            ],
            [
              121.4172547,
              24.9377196
            ],
            [
              121.4175094,
              24.9375478
            ],
            [
              121.4176804,
              24.9375421
            ],
            [
              121.4178757,
              24.9375682
            ],
            [
              121.4180561,
              24.9376272
            ],
            [
              121.418337,
              24.9377087
            ],
            [
              121.4184825,
              24.9377682
            ],
            [
              121.4185482,
              24.9378034
            ],
            [
              121.4186802,
              24.9379914
            ],
            [
              121.41875,
              24.9381009
            ],
            [
              121.4189056,
              24.9383271
            ],
            [
              121.4194339,
              24.9386603
            ],
            [
              121.4194983,
              24.9387138
            ],
            [
              121.4195949,
              24.9387454
            ],
            [
              121.4196485,
              24.9387746
            ],
            [
              121.4199436,
              24.9387819
            ],
            [
              121.4203083,
              24.9386457
            ],
            [
              121.4204371,
              24.9385776
            ],
            [
              121.4209806,
              24.9383833
            ],
            [
              121.4211237,
              24.9383392
            ],
            [
              121.4212874,
              24.9383538
            ],
            [
              121.4214,
              24.9383538
            ],
            [
              121.4214537,
              24.9383392
            ],
            [
              121.4215576,
              24.9383453
            ],
            [
              121.4216729,
              24.9383429
            ],
            [
              121.4217394,
              24.9383282
            ],
            [
              121.4218647,
              24.9383125
            ],
            [
              121.4220404,
              24.9382997
            ],
            [
              121.4221282,
              24.9382742
            ],
            [
              121.4222549,
              24.9382613
            ],
            [
              121.4223361,
              24.9382651
            ],
            [
              121.4224581,
              24.938279
            ],
            [
              121.422542,
              24.9382942
            ],
            [
              121.422668,
              24.9383342
            ],
            [
              121.4228323,
              24.9383806
            ],
            [
              121.4228752,
              24.9383818
            ],
            [
              121.4230389,
              24.9383786
            ],
            [
              121.423187,
              24.938333
            ],
            [
              121.4232386,
              24.9383227
            ],
            [
              121.4233808,
              24.9383227
            ],
            [
              121.4234512,
              24.9383385
            ],
            [
              121.4236658,
              24.9383616
            ],
            [
              121.4237878,
              24.9383963
            ],
            [
              121.4241835,
              24.9384425
            ],
            [
              121.4243497,
              24.9384558
            ],
            [
              121.4243799,
              24.9384626
            ],
            [
              121.4244845,
              24.9384589
            ],
            [
              121.4245776,
              24.938465
            ],
            [
              121.4246747,
              24.9384608
            ],
            [
              121.4246916,
              24.9384534
            ],
            [
              121.4247734,
              24.9384516
            ],
            [
              121.4248373,
              24.9384292
            ],
            [
              121.4249445,
              24.9384037
            ],
            [
              121.4251055,
              24.9383818
            ],
            [
              121.4251752,
              24.9383806
            ],
            [
              121.4252597,
              24.9383855
            ],
            [
              121.4254165,
              24.9384102
            ],
            [
              121.4256036,
              24.9384437
            ],
            [
              121.4257779,
              24.9384947
            ],
            [
              121.4258309,
              24.9385246
            ],
            [
              121.4259206,
              24.938557
            ],
            [
              121.4260201,
              24.938608
            ],
            [
              121.4260803,
              24.9386541
            ],
            [
              121.4261502,
              24.9386931
            ],
            [
              121.426346,
              24.9388317
            ],
            [
              121.4265203,
              24.9389485
            ],
            [
              121.4265954,
              24.9389874
            ],
            [
              121.4266454,
              24.9390182
            ],
            [
              121.4267219,
              24.9390446
            ],
            [
              121.4268635,
              24.9390766
            ],
            [
              121.4271652,
              24.9390742
            ],
            [
              121.4273202,
              24.9390615
            ],
            [
              121.4273825,
              24.939056
            ],
            [
              121.4277177,
              24.939034
            ],
            [
              121.4278458,
              24.9390322
            ],
            [
              121.427935,
              24.9390336
            ],
            [
              121.4279947,
              24.9390427
            ],
            [
              121.4280584,
              24.9390634
            ],
            [
              121.4281503,
              24.9390742
            ],
            [
              121.4282414,
              24.9390745
            ],
            [
              121.4283027,
              24.9390519
            ],
            [
              121.4283389,
              24.9390111
            ],
            [
              121.4283697,
              24.9389509
            ],
            [
              121.4284388,
              24.938881
            ],
            [
              121.428597,
              24.9388865
            ],
            [
              121.4287882,
              24.9389521
            ],
            [
              121.42887,
              24.9389874
            ],
            [
              121.428933,
              24.939019
            ],
            [
              121.4290215,
              24.9390458
            ],
            [
              121.4292012,
              24.9390835
            ],
            [
              121.429342,
              24.9391029
            ],
            [
              121.4294909,
              24.9391272
            ],
            [
              121.4295687,
              24.9391236
            ],
            [
              121.4297014,
              24.9391394
            ],
            [
              121.4298114,
              24.9391431
            ],
            [
              121.429861,
              24.9391479
            ],
            [
              121.4299898,
              24.9391516
            ],
            [
              121.430195,
              24.9391674
            ],
            [
              121.4304337,
              24.9392039
            ],
            [
              121.4305678,
              24.9392634
            ],
            [
              121.4306228,
              24.9393157
            ],
            [
              121.4306711,
              24.9393571
            ],
            [
              121.430714,
              24.9394033
            ],
            [
              121.4308105,
              24.939503
            ],
            [
              121.4308923,
              24.9395869
            ],
            [
              121.4309232,
              24.9396088
            ],
            [
              121.4310358,
              24.9396599
            ],
            [
              121.4312276,
              24.9397073
            ],
            [
              121.4313711,
              24.9397438
            ],
            [
              121.4314985,
              24.9397876
            ],
            [
              121.4315723,
              24.9398107
            ],
            [
              121.4316479,
              24.9398326
            ],
            [
              121.4317403,
              24.9398528
            ],
            [
              121.4317982,
              24.9398729
            ],
            [
              121.431858,
              24.9398935
            ],
            [
              121.4319094,
              24.9399198
            ],
            [
              121.4319778,
              24.9399462
            ],
            [
              121.4320476,
              24.940001
            ],
            [
              121.4320875,
              24.940037
            ],
            [
              121.4321205,
              24.9400768
            ],
            [
              121.4321511,
              24.9401199
            ],
            [
              121.4321975,
              24.9402308
            ],
            [
              121.4322708,
              24.9403594
            ],
            [
              121.4323431,
              24.940516
            ],
            [
              121.4323777,
              24.9405849
            ],
            [
              121.4324116,
              24.9406608
            ],
            [
              121.4324216,
              24.9407075
            ],
            [
              121.4324365,
              24.9407701
            ],
            [
              121.4324741,
              24.9408283
            ],
            [
              121.4325228,
              24.9408944
            ],
            [
              121.432559,
              24.9409145
            ],
            [
              121.4326602,
              24.9409529
            ],
            [
              121.4327988,
              24.9409898
            ],
            [
              121.4328991,
              24.9409964
            ],
            [
              121.4329467,
              24.9410098
            ],
            [
              121.4330739,
              24.9410086
            ],
            [
              121.4331258,
              24.9410012
            ],
            [
              121.4331726,
              24.9409834
            ],
            [
              121.4332196,
              24.9409543
            ],
            [
              121.4334269,
              24.9408506
            ],
            [
              121.4335471,
              24.9407727
            ],
            [
              121.4336137,
              24.9407402
            ],
            [
              121.4337897,
              24.9406116
            ],
            [
              121.433993,
              24.940459
            ],
            [
              121.4341326,
              24.9403335
            ],
            [
              121.4342125,
              24.9402295
            ],
            [
              121.4342934,
              24.9400929
            ],
            [
              121.4343242,
              24.9400367
            ],
            [
              121.4343423,
              24.9399884
            ],
            [
              121.4343767,
              24.9399126
            ],
            [
              121.4344121,
              24.9398576
            ],
            [
              121.4344408,
              24.9397865
            ],
            [
              121.4344768,
              24.9397214
            ],
            [
              121.4345124,
              24.9396571
            ],
            [
              121.4345525,
              24.9395639
            ],
            [
              121.4345898,
              24.9395081
            ],
            [
              121.4346091,
              24.9394665
            ],
            [
              121.434637,
              24.9394245
            ],
            [
              121.4346646,
              24.9393829
            ],
            [
              121.4346671,
              24.9393603
            ],
            [
              121.4347393,
              24.9392331
            ],
            [
              121.4347851,
              24.9391446
            ],
            [
              121.4348199,
              24.9390947
            ],
            [
              121.4348783,
              24.9389878
            ],
            [
              121.4349241,
              24.9388977
            ],
            [
              121.4349692,
              24.9388137
            ],
            [
              121.4349997,
              24.9387492
            ],
            [
              121.4350499,
              24.9386642
            ],
            [
              121.4350742,
              24.9386248
            ],
            [
              121.4350986,
              24.9385706
            ],
            [
              121.4351399,
              24.9384994
            ],
            [
              121.4351559,
              24.9384554
            ],
            [
              121.4351988,
              24.9384033
            ],
            [
              121.4353492,
              24.9381883
            ],
            [
              121.4354024,
              24.9381342
            ],
            [
              121.4354916,
              24.9380148
            ],
            [
              121.435573,
              24.9379218
            ],
            [
              121.4356273,
              24.9378454
            ],
            [
              121.4356791,
              24.9378007
            ],
            [
              121.4357263,
              24.9377433
            ],
            [
              121.4359035,
              24.9375047
            ],
            [
              121.4359505,
              24.9374247
            ],
            [
              121.4359774,
              24.9373772
            ],
            [
              121.4360102,
              24.9373053
            ],
            [
              121.4360528,
              24.9372283
            ],
            [
              121.4360873,
              24.9371378
            ],
            [
              121.4361153,
              24.9370601
            ],
            [
              121.4361453,
              24.9369933
            ],
            [
              121.4361608,
              24.9369248
            ],
            [
              121.4361664,
              24.9368365
            ],
            [
              121.4362061,
              24.9366517
            ],
            [
              121.4362346,
              24.9365773
            ],
            [
              121.4362593,
              24.9364869
            ],
            [
              121.436289,
              24.9364191
            ],
            [
              121.4363466,
              24.9363023
            ],
            [
              121.4363708,
              24.93625
            ],
            [
              121.4365317,
              24.9360092
            ],
            [
              121.4365733,
              24.9359715
            ],
            [
              121.4366256,
              24.9358961
            ],
            [
              121.436647,
              24.9358426
            ],
            [
              121.4366564,
              24.9357855
            ],
            [
              121.4366604,
              24.9357478
            ],
            [
              121.4366873,
              24.9356043
            ],
            [
              121.4367034,
              24.9355727
            ],
            [
              121.436761,
              24.9355787
            ],
            [
              121.4368147,
              24.9355824
            ],
            [
              121.4368804,
              24.9356067
            ],
            [
              121.4369313,
              24.9356128
            ],
            [
              121.4370091,
              24.9356383
            ],
            [
              121.4370867,
              24.9356543
            ],
            [
              121.4374289,
              24.935749
            ],
            [
              121.4376435,
              24.9358049
            ],
            [
              121.4378768,
              24.9358366
            ],
            [
              121.4379492,
              24.9358584
            ],
            [
              121.4381611,
              24.9358974
            ],
            [
              121.438483,
              24.9359728
            ],
            [
              121.4387003,
              24.9360384
            ],
            [
              121.4389214,
              24.9361127
            ],
            [
              121.439167,
              24.9362257
            ],
            [
              121.4394416,
              24.9363953
            ],
            [
              121.4395854,
              24.9365711
            ],
            [
              121.439698,
              24.9367389
            ],
            [
              121.4397695,
              24.9368853
            ],
            [
              121.439808,
              24.9369967
            ],
            [
              121.4398601,
              24.9370591
            ],
            [
              121.4399233,
              24.9371061
            ],
            [
              121.4400253,
              24.937128
            ],
            [
              121.4403203,
              24.9371451
            ],
            [
              121.4404847,
              24.9371632
            ],
            [
              121.440669,
              24.9372083
            ],
            [
              121.4407977,
              24.9372764
            ],
            [
              121.4408594,
              24.937325
            ],
            [
              121.4408997,
              24.9373713
            ],
            [
              121.4409919,
              24.9374371
            ],
            [
              121.4415783,
              24.9375731
            ],
            [
              121.4422096,
              24.9376049
            ],
            [
              121.4422703,
              24.9376339
            ],
            [
              121.44234,
              24.9376777
            ],
            [
              121.4423695,
              24.937719
            ],
            [
              121.44245,
              24.9378334
            ],
            [
              121.4425331,
              24.937972
            ],
            [
              121.4425868,
              24.9380863
            ],
            [
              121.4426351,
              24.9381617
            ],
            [
              121.4427182,
              24.9382711
            ],
            [
              121.4427879,
              24.938366
            ],
            [
              121.4428977,
              24.9384665
            ],
            [
              121.4431366,
              24.9385995
            ],
            [
              121.4431742,
              24.9386335
            ],
            [
              121.4434263,
              24.9387722
            ],
            [
              121.443547,
              24.9388524
            ],
            [
              121.4437106,
              24.9389594
            ],
            [
              121.4438206,
              24.9390494
            ],
            [
              121.4439332,
              24.9391394
            ],
            [
              121.4440631,
              24.9392712
            ],
            [
              121.4441881,
              24.9394288
            ],
            [
              121.4443275,
              24.9395918
            ],
            [
              121.4445917,
              24.9398478
            ],
            [
              121.4446279,
              24.9398715
            ],
            [
              121.4446545,
              24.9398995
            ],
            [
              121.444923,
              24.9400977
            ],
            [
              121.445151,
              24.9402411
            ],
            [
              121.4453655,
              24.9403895
            ],
            [
              121.445438,
              24.940426
            ],
            [
              121.4456311,
              24.9405427
            ],
            [
              121.4457035,
              24.9405719
            ],
            [
              121.445792,
              24.9406303
            ],
            [
              121.4460062,
              24.940714
            ],
            [
              121.4468944,
              24.9411094
            ],
            [
              121.4470366,
              24.9411702
            ],
            [
              121.4471816,
              24.9412296
            ],
            [
              121.4473623,
              24.9413276
            ],
            [
              121.447437,
              24.9413509
            ],
            [
              121.4476508,
              24.9414304
            ],
            [
              121.4478493,
              24.941518
            ],
            [
              121.4480591,
              24.9416156
            ],
            [
              121.4482355,
              24.9417271
            ],
            [
              121.4483777,
              24.9418512
            ],
            [
              121.4484984,
              24.941946
            ],
            [
              121.4489034,
              24.9422914
            ],
            [
              121.4489436,
              24.9423108
            ],
            [
              121.4492682,
              24.9425905
            ],
            [
              121.4495548,
              24.9428534
            ],
            [
              121.4497724,
              24.9431085
            ],
            [
              121.4499521,
              24.9433226
            ],
            [
              121.4500675,
              24.9434685
            ],
            [
              121.4502306,
              24.9435854
            ],
            [
              121.4505181,
              24.9437919
            ],
            [
              121.450586,
              24.943827
            ],
            [
              121.4506495,
              24.9438746
            ],
            [
              121.4508238,
              24.9439719
            ],
            [
              121.4511001,
              24.9440303
            ],
            [
              121.451194,
              24.9441105
            ],
            [
              121.4512567,
              24.9441636
            ],
            [
              121.4514869,
              24.9442962
            ],
            [
              121.4516714,
              24.9443562
            ],
            [
              121.4518548,
              24.9443748
            ],
            [
              121.4522025,
              24.9443878
            ],
            [
              121.4526156,
              24.9443732
            ],
            [
              121.4529482,
              24.9443513
            ],
            [
              121.4535919,
              24.9443294
            ],
            [
              121.4537394,
              24.9443294
            ],
            [
              121.453954,
              24.9443246
            ],
            [
              121.4541412,
              24.9443528
            ],
            [
              121.4543858,
              24.9444535
            ],
            [
              121.4546299,
              24.9445751
            ],
            [
              121.454941,
              24.9447477
            ],
            [
              121.4550483,
              24.944828
            ],
            [
              121.4552093,
              24.9449301
            ],
            [
              121.4554137,
              24.9449704
            ],
            [
              121.45554,
              24.9450173
            ],
            [
              121.4556545,
              24.9451271
            ],
            [
              121.4557403,
              24.945256
            ],
            [
              121.4557779,
              24.9454968
            ],
            [
              121.4557855,
              24.9455973
            ],
            [
              121.4558319,
              24.9458706
            ],
            [
              121.4559871,
              24.9462264
            ],
            [
              121.4560407,
              24.9462872
            ],
            [
              121.4560927,
              24.9462943
            ],
            [
              121.4565933,
              24.9461558
            ],
            [
              121.4567274,
              24.9461291
            ],
            [
              121.4568361,
              24.9461297
            ],
            [
              121.4570787,
              24.9460977
            ],
            [
              121.457478,
              24.9461543
            ],
            [
              121.4577202,
              24.9462116
            ],
            [
              121.4582078,
              24.9466857
            ],
            [
              121.4585603,
              24.9470825
            ],
            [
              121.4592767,
              24.947674
            ],
            [
              121.4596988,
              24.9477668
            ],
            [
              121.4609333,
              24.9476276
            ],
            [
              121.461106,
              24.9475812
            ],
            [
              121.4617265,
              24.9474826
            ],
            [
              121.4628522,
              24.9485729
            ],
            [
              121.4630697,
              24.9486541
            ],
            [
              121.4631209,
              24.9487353
            ],
            [
              121.4632104,
              24.9488745
            ],
            [
              121.4636454,
              24.9492921
            ],
            [
              121.4638437,
              24.9493907
            ],
            [
              121.4644449,
              24.9498546
            ],
            [
              121.464963,
              24.9503534
            ],
            [
              121.4655342,
              24.9506929
            ],
            [
              121.4656781,
              24.950778
            ],
            [
              121.4662975,
              24.9510786
            ],
            [
              121.4670608,
              24.9515381
            ],
            [
              121.4671421,
              24.9517423
            ],
            [
              121.4672297,
              24.9520884
            ],
            [
              121.4671296,
              24.9523606
            ],
            [
              121.4670357,
              24.9526953
            ],
            [
              121.4669169,
              24.9529222
            ],
            [
              121.4669169,
              24.9530697
            ],
            [
              121.467067,
              24.9532569
            ],
            [
              121.4675363,
              24.9538582
            ],
            [
              121.4678248,
              24.954411
            ],
            [
              121.4692956,
              24.9545296
            ],
            [
              121.4699771,
              24.9545699
            ],
            [
              121.470085,
              24.9546198
            ],
            [
              121.4701507,
              24.9547292
            ],
            [
              121.4701866,
              24.9550381
            ],
            [
              121.4702332,
              24.9550995
            ],
            [
              121.4703581,
              24.9551072
            ],
            [
              121.4705189,
              24.9550362
            ],
            [
              121.470811,
              24.9551187
            ],
            [
              121.4712787,
              24.9551283
            ],
            [
              121.4714142,
              24.9552166
            ],
            [
              121.4714672,
              24.9552992
            ],
            [
              121.4717549,
              24.9558057
            ],
            [
              121.4719009,
              24.9559035
            ],
            [
              121.4721431,
              24.9560646
            ],
            [
              121.4721576,
              24.956104
            ],
            [
              121.4722114,
              24.9562842
            ],
            [
              121.47205,
              24.9567459
            ],
            [
              121.4720396,
              24.9569711
            ],
            [
              121.4720293,
              24.9570856
            ],
            [
              121.4720769,
              24.957399
            ],
            [
              121.4720562,
              24.9577106
            ],
            [
              121.4720127,
              24.9578288
            ],
            [
              121.4718926,
              24.9579245
            ],
            [
              121.4718802,
              24.9580878
            ],
            [
              121.4718243,
              24.958435
            ],
            [
              121.471785,
              24.9587316
            ],
            [
              121.471814,
              24.9588048
            ],
            [
              121.4718864,
              24.9589962
            ],
            [
              121.4727724,
              24.9596418
            ],
            [
              121.4734701,
              24.9601185
            ],
            [
              121.4735632,
              24.9602856
            ],
            [
              121.4736999,
              24.9606665
            ],
            [
              121.4738096,
              24.9607679
            ],
            [
              121.4740601,
              24.9607829
            ],
            [
              121.4746356,
              24.9609143
            ],
            [
              121.4747163,
              24.9609443
            ],
            [
              121.4750744,
              24.9611451
            ],
            [
              121.4753456,
              24.9612802
            ],
            [
              121.4759687,
              24.9616106
            ],
            [
              121.4764035,
              24.9618696
            ],
            [
              121.4769163,
              24.9622655
            ],
            [
              121.4774824,
              24.9623698
            ],
            [
              121.4775849,
              24.9625436
            ],
            [
              121.4776522,
              24.9627772
            ],
            [
              121.477724,
              24.9628528
            ],
            [
              121.4778308,
              24.9628634
            ],
            [
              121.4780943,
              24.9629152
            ],
            [
              121.4784046,
              24.962963
            ],
            [
              121.4785993,
              24.963024
            ],
            [
              121.4788657,
              24.9631302
            ],
            [
              121.47928,
              24.9633146
            ],
            [
              121.4794835,
              24.9634248
            ],
            [
              121.4797033,
              24.9635727
            ],
            [
              121.4797972,
              24.9639204
            ],
            [
              121.4797934,
              24.9640375
            ],
            [
              121.4798126,
              24.9641498
            ],
            [
              121.4798865,
              24.9644148
            ],
            [
              121.4798937,
              24.9645289
            ],
            [
              121.4798986,
              24.9646888
            ],
            [
              121.4798453,
              24.9648246
            ],
            [
              121.4798187,
              24.9648884
            ],
            [
              121.4797942,
              24.9649856
            ],
            [
              121.4796615,
              24.9650914
            ],
            [
              121.4795492,
              24.9651649
            ],
            [
              121.4794848,
              24.9652447
            ],
            [
              121.4794522,
              24.9653412
            ],
            [
              121.4794373,
              24.9654012
            ],
            [
              121.4794006,
              24.9654644
            ],
            [
              121.4793749,
              24.9655484
            ],
            [
              121.4793495,
              24.9657004
            ],
            [
              121.4792183,
              24.9658986
            ],
            [
              121.4790126,
              24.9660809
            ],
            [
              121.4786575,
              24.9666308
            ],
            [
              121.4787076,
              24.966767
            ],
            [
              121.4787426,
              24.9668628
            ],
            [
              121.4787794,
              24.9669246
            ],
            [
              121.4788065,
              24.9669834
            ],
            [
              121.4788627,
              24.9671023
            ],
            [
              121.4789323,
              24.9671897
            ],
            [
              121.4790567,
              24.9673283
            ],
            [
              121.4792317,
              24.9674869
            ],
            [
              121.4793599,
              24.9676086
            ],
            [
              121.4794303,
              24.9676857
            ],
            [
              121.4794631,
              24.967731
            ],
            [
              121.479484,
              24.9680383
            ],
            [
              121.4794153,
              24.9685217
            ],
            [
              121.4794434,
              24.969089
            ],
            [
              121.4796438,
              24.9695281
            ],
            [
              121.4797565,
              24.9698823
            ],
            [
              121.4798734,
              24.9700504
            ],
            [
              121.4798191,
              24.9705122
            ],
            [
              121.4796839,
              24.9710757
            ],
            [
              121.4796855,
              24.9713471
            ],
            [
              121.4796911,
              24.9714504
            ],
            [
              121.4797121,
              24.9718401
            ],
            [
              121.4796062,
              24.9721836
            ],
            [
              121.4795561,
              24.9724826
            ],
            [
              121.4795897,
              24.9726509
            ],
            [
              121.4796855,
              24.9727324
            ],
            [
              121.4799527,
              24.9727816
            ],
            [
              121.4800696,
              24.9728233
            ],
            [
              121.4801991,
              24.9729028
            ],
            [
              121.4804555,
              24.9730185
            ],
            [
              121.4809131,
              24.9731034
            ],
            [
              121.4813765,
              24.9731071
            ],
            [
              121.4816855,
              24.9731336
            ],
            [
              121.4818323,
              24.9731856
            ],
            [
              121.4816813,
              24.9735046
            ],
            [
              121.4815561,
              24.9738111
            ],
            [
              121.4815095,
              24.9739006
            ],
            [
              121.4811552,
              24.9742578
            ],
            [
              121.4810049,
              24.9744773
            ],
            [
              121.4809548,
              24.9747006
            ],
            [
              121.4809005,
              24.9748823
            ],
            [
              121.480817,
              24.9750374
            ],
            [
              121.4806155,
              24.9754117
            ],
            [
              121.4802158,
              24.9756052
            ],
            [
              121.4799068,
              24.9757831
            ],
            [
              121.4793666,
              24.9759651
            ],
            [
              121.4792805,
              24.976241
            ],
            [
              121.4792555,
              24.9764303
            ],
            [
              121.4792429,
              24.9767633
            ],
            [
              121.4792596,
              24.9772364
            ],
            [
              121.4791617,
              24.9775378
            ],
            [
              121.4790884,
              24.9777171
            ],
            [
              121.4788922,
              24.9778307
            ],
            [
              121.4785144,
              24.9780282
            ],
            [
              121.4781407,
              24.9782697
            ],
            [
              121.4779691,
              24.9784626
            ],
            [
              121.4776635,
              24.9789795
            ],
            [
              121.4775311,
              24.9791288
            ],
            [
              121.4769175,
              24.9794836
            ],
            [
              121.4766835,
              24.9795338
            ],
            [
              121.4764659,
              24.9795251
            ],
            [
              121.4762618,
              24.9794619
            ],
            [
              121.4760822,
              24.9793976
            ],
            [
              121.4758929,
              24.9792803
            ],
            [
              121.4757565,
              24.9792878
            ],
            [
              121.4756615,
              24.9793768
            ],
            [
              121.4754559,
              24.9796852
            ],
            [
              121.4752964,
              24.9799788
            ],
            [
              121.4752537,
              24.9801309
            ],
            [
              121.4751889,
              24.9802499
            ],
            [
              121.4751503,
              24.980405
            ],
            [
              121.4751657,
              24.9808536
            ],
            [
              121.4750175,
              24.9811991
            ],
            [
              121.4747801,
              24.981517
            ],
            [
              121.4745526,
              24.9818443
            ],
            [
              121.4744925,
              24.9822803
            ],
            [
              121.474456,
              24.9823913
            ],
            [
              121.4741894,
              24.9831037
            ],
            [
              121.4741817,
              24.9833061
            ],
            [
              121.474231,
              24.9834761
            ],
            [
              121.4742306,
              24.9838933
            ],
            [
              121.4744537,
              24.9840513
            ],
            [
              121.4748789,
              24.9840525
            ],
            [
              121.4752526,
              24.9843783
            ],
            [
              121.4755201,
              24.9847078
            ],
            [
              121.4759624,
              24.9852309
            ],
            [
              121.4761355,
              24.9852869
            ],
            [
              121.4768371,
              24.9858331
            ],
            [
              121.4768851,
              24.986001
            ],
            [
              121.4770791,
              24.986237
            ],
            [
              121.477475,
              24.986629
            ],
            [
              121.4776671,
              24.9868901
            ],
            [
              121.4777082,
              24.9870517
            ],
            [
              121.477831,
              24.987243
            ],
            [
              121.4779963,
              24.9874994
            ],
            [
              121.4782295,
              24.9877294
            ],
            [
              121.4784696,
              24.9879594
            ],
            [
              121.4785352,
              24.9881135
            ],
            [
              121.4786754,
              24.9884444
            ],
            [
              121.4787714,
              24.9887552
            ],
            [
              121.4788949,
              24.9889542
            ],
            [
              121.4790801,
              24.9891594
            ],
            [
              121.4794505,
              24.9895013
            ],
            [
              121.4795557,
              24.9897176
            ],
            [
              121.4796837,
              24.9900484
            ],
            [
              121.4797002,
              24.9903558
            ],
            [
              121.4794916,
              24.9903344
            ],
            [
              121.4791624,
              24.9902971
            ],
            [
              121.4789292,
              24.9903779
            ],
            [
              121.4783885,
              24.9905426
            ],
            [
              121.4774819,
              24.9910058
            ],
            [
              121.4773049,
              24.9909462
            ],
            [
              121.4771801,
              24.9907758
            ],
            [
              121.4771183,
              24.990639
            ],
            [
              121.4769464,
              24.9906154
            ],
            [
              121.4766003,
              24.990897
            ],
            [
              121.4758735,
              24.9914363
            ],
            [
              121.4756703,
              24.9914835
            ],
            [
              121.4754378,
              24.9915094
            ],
            [
              121.4753059,
              24.9914736
            ],
            [
              121.4751566,
              24.9916586
            ],
            [
              121.4752389,
              24.991727
            ],
            [
              121.4749645,
              24.9919446
            ],
            [
              121.4748641,
              24.992122
            ],
            [
              121.4750106,
              24.9922245
            ],
            [
              121.4749523,
              24.9922773
            ],
            [
              121.4753482,
              24.99261
            ],
            [
              121.4748311,
              24.9931345
            ],
            [
              121.4747302,
              24.9931427
            ],
            [
              121.4746311,
              24.9929912
            ],
            [
              121.4742879,
              24.9932576
            ],
            [
              121.4741889,
              24.9935052
            ],
            [
              121.4740163,
              24.9936093
            ],
            [
              121.4738106,
              24.9937062
            ],
            [
              121.4731538,
              24.994091
            ],
            [
              121.4730074,
              24.9941392
            ],
            [
              121.47245,
              24.9939439
            ],
            [
              121.472154,
              24.9937999
            ],
            [
              121.4718661,
              24.9936364
            ],
            [
              121.4712467,
              24.9932536
            ],
            [
              121.4707457,
              24.992881
            ],
            [
              121.4704204,
              24.9925643
            ],
            [
              121.4702623,
              24.9923816
            ],
            [
              121.4701339,
              24.9923263
            ],
            [
              121.4701445,
              24.9921472
            ],
            [
              121.4701846,
              24.9921017
            ],
            [
              121.4701883,
              24.9920664
            ],
            [
              121.4702132,
              24.9919551
            ],
            [
              121.4697512,
              24.9921916
            ],
            [
              121.469575,
              24.9918763
            ],
            [
              121.4694664,
              24.9916819
            ],
            [
              121.4693799,
              24.9916887
            ],
            [
              121.4693574,
              24.9918751
            ],
            [
              121.4692823,
              24.9921267
            ],
            [
              121.4692876,
              24.9922623
            ],
            [
              121.4691388,
              24.9927486
            ],
            [
              121.4690501,
              24.9932127
            ],
            [
              121.4690759,
              24.9934626
            ],
            [
              121.4691707,
              24.9938375
            ],
            [
              121.4691018,
              24.9942281
            ],
            [
              121.4690038,
              24.9946467
            ],
            [
              121.4687813,
              24.9944869
            ],
            [
              121.4686245,
              24.9942581
            ],
            [
              121.468346,
              24.9939059
            ],
            [
              121.4680616,
              24.9936545
            ],
            [
              121.4679917,
              24.9936432
            ],
            [
              121.4675917,
              24.9935186
            ],
            [
              121.4674463,
              24.9933994
            ],
            [
              121.4672794,
              24.9932243
            ],
            [
              121.4671725,
              24.9930644
            ],
            [
              121.4671385,
              24.9930038
            ],
            [
              121.4672074,
              24.9927461
            ],
            [
              121.4672074,
              24.9923638
            ],
            [
              121.4671922,
              24.9922156
            ],
            [
              121.4671417,
              24.9920704
            ],
            [
              121.4669946,
              24.9918728
            ],
            [
              121.466753,
              24.9916578
            ],
            [
              121.466534,
              24.9913685
            ],
            [
              121.4661398,
              24.9910379
            ],
            [
              121.466707,
              24.9909285
            ],
            [
              121.4666607,
              24.9908452
            ],
            [
              121.4664583,
              24.9905965
            ],
            [
              121.4661449,
              24.990361
            ],
            [
              121.4657893,
              24.9902561
            ],
            [
              121.4657742,
              24.9902526
            ],
            [
              121.4655735,
              24.990206
            ],
            [
              121.4651402,
              24.9900584
            ],
            [
              121.4650213,
              24.9898906
            ],
            [
              121.4649613,
              24.9897466
            ],
            [
              121.4648836,
              24.9897134
            ],
            [
              121.4644969,
              24.9895855
            ],
            [
              121.4639011,
              24.9895524
            ],
            [
              121.4638855,
              24.9894624
            ],
            [
              121.4636555,
              24.9893629
            ],
            [
              121.463598,
              24.9894197
            ],
            [
              121.4634308,
              24.989486
            ],
            [
              121.4633786,
              24.9893534
            ],
            [
              121.463389,
              24.9891782
            ],
            [
              121.4632375,
              24.9890361
            ],
            [
              121.463133,
              24.9890503
            ],
            [
              121.4629344,
              24.9892161
            ],
            [
              121.4627358,
              24.9892682
            ],
            [
              121.4624745,
              24.9892255
            ],
            [
              121.461967,
              24.98918
            ],
            [
              121.4618331,
              24.9892053
            ],
            [
              121.4617144,
              24.9894039
            ],
            [
              121.4614848,
              24.9893647
            ],
            [
              121.4612434,
              24.989291
            ],
            [
              121.4610349,
              24.9892098
            ],
            [
              121.4608964,
              24.9894245
            ],
            [
              121.4605149,
              24.9900307
            ],
            [
              121.4604273,
              24.9901448
            ],
            [
              121.4604235,
              24.9901693
            ],
            [
              121.4603876,
              24.9903703
            ],
            [
              121.4601815,
              24.9907229
            ],
            [
              121.4599365,
              24.9905803
            ],
            [
              121.4598838,
              24.9905605
            ],
            [
              121.459627,
              24.9908073
            ],
            [
              121.4594243,
              24.9909556
            ],
            [
              121.4592813,
              24.9910736
            ],
            [
              121.4584239,
              24.9911082
            ],
            [
              121.4583064,
              24.9911506
            ],
            [
              121.4580268,
              24.9911461
            ],
            [
              121.457619,
              24.9911795
            ],
            [
              121.4573004,
              24.9912551
            ],
            [
              121.4571675,
              24.9914122
            ],
            [
              121.4569943,
              24.9915407
            ],
            [
              121.4569288,
              24.9916389
            ],
            [
              121.4568922,
              24.9919754
            ],
            [
              121.4567634,
              24.9921163
            ],
            [
              121.4566888,
              24.9923543
            ],
            [
              121.4565606,
              24.9926112
            ],
            [
              121.4565909,
              24.9930352
            ],
            [
              121.4566006,
              24.9931539
            ],
            [
              121.4562228,
              24.994352
            ],
            [
              121.4561878,
              24.9948476
            ],
            [
              121.4562089,
              24.996058
            ],
            [
              121.4562609,
              24.9963328
            ],
            [
              121.4548731,
              24.9957745
            ],
            [
              121.4547958,
              24.9953587
            ],
            [
              121.4546819,
              24.9951626
            ],
            [
              121.4545851,
              24.9947446
            ],
            [
              121.4543972,
              24.9941872
            ],
            [
              121.4544199,
              24.9941098
            ],
            [
              121.4543282,
              24.9940338
            ],
            [
              121.4542377,
              24.9938156
            ],
            [
              121.4541068,
              24.9937073
            ],
            [
              121.4539296,
              24.9936484
            ],
            [
              121.4536975,
              24.9935261
            ],
            [
              121.4536727,
              24.9934578
            ],
            [
              121.4536812,
              24.993305
            ],
            [
              121.4536843,
              24.9930978
            ],
            [
              121.4537072,
              24.992941
            ],
            [
              121.4537299,
              24.9926245
            ],
            [
              121.453706,
              24.9925046
            ],
            [
              121.4534647,
              24.9922024
            ],
            [
              121.4534084,
              24.9917443
            ],
            [
              121.4533518,
              24.9915803
            ],
            [
              121.4531704,
              24.9912328
            ],
            [
              121.4530522,
              24.9910218
            ],
            [
              121.4529092,
              24.9910048
            ],
            [
              121.452532,
              24.9910935
            ],
            [
              121.4521535,
              24.9913005
            ],
            [
              121.4519483,
              24.9915024
            ],
            [
              121.4515582,
              24.9917647
            ],
            [
              121.4507323,
              24.9921707
            ],
            [
              121.4501636,
              24.9924407
            ],
            [
              121.4500461,
              24.9926508
            ],
            [
              121.4497582,
              24.9929486
            ],
            [
              121.4497969,
              24.9930117
            ],
            [
              121.4496654,
              24.9930799
            ],
            [
              121.4493219,
              24.9927728
            ],
            [
              121.4489849,
              24.9925604
            ],
            [
              121.447891,
              24.9923181
            ],
            [
              121.4470413,
              24.9918719
            ],
            [
              121.4468311,
              24.9918544
            ],
            [
              121.4465472,
              24.9919465
            ],
            [
              121.4461276,
              24.9918453
            ],
            [
              121.4451675,
              24.9915946
            ],
            [
              121.4441645,
              24.9910246
            ],
            [
              121.4435699,
              24.991663
            ],
            [
              121.4429891,
              24.9924784
            ],
            [
              121.4426798,
              24.9929298
            ],
            [
              121.4419836,
              24.9922252
            ],
            [
              121.4414092,
              24.9922031
            ],
            [
              121.4410403,
              24.992189
            ],
            [
              121.4408866,
              24.9926577
            ],
            [
              121.4405179,
              24.9923236
            ],
            [
              121.4404541,
              24.9920594
            ],
            [
              121.4404182,
              24.9908984
            ],
            [
              121.44034,
              24.9902011
            ],
            [
              121.4401971,
              24.9893251
            ],
            [
              121.4400234,
              24.9882056
            ],
            [
              121.439884,
              24.9875665
            ],
            [
              121.4395817,
              24.9877035
            ],
            [
              121.4393677,
              24.987431
            ],
            [
              121.4391285,
              24.9869252
            ],
            [
              121.4388907,
              24.9865688
            ],
            [
              121.4385363,
              24.9864916
            ],
            [
              121.438303,
              24.9864143
            ],
            [
              121.4380922,
              24.9858
            ],
            [
              121.4378513,
              24.9853556
            ],
            [
              121.4377369,
              24.9849876
            ],
            [
              121.4377169,
              24.9847267
            ],
            [
              121.437671,
              24.9845681
            ],
            [
              121.4372035,
              24.983778
            ],
            [
              121.4371048,
              24.9835923
            ],
            [
              121.4369309,
              24.9831773
            ],
            [
              121.4366276,
              24.9829657
            ],
            [
              121.4363336,
              24.98273
            ],
            [
              121.4361053,
              24.9826034
            ],
            [
              121.4355049,
              24.9821835
            ],
            [
              121.4354145,
              24.9820934
            ],
            [
              121.435282,
              24.9819612
            ],
            [
              121.4352487,
              24.9818907
            ],
            [
              121.435082,
              24.981538
            ],
            [
              121.4348889,
              24.9810563
            ],
            [
              121.4347166,
              24.9806749
            ],
            [
              121.4346718,
              24.9798028
            ],
            [
              121.4347728,
              24.9794917
            ],
            [
              121.4349145,
              24.979122
            ],
            [
              121.434954,
              24.978958
            ],
            [
              121.4349569,
              24.9788268
            ],
            [
              121.4349597,
              24.9786966
            ],
            [
              121.4347237,
              24.9778835
            ],
            [
              121.4345922,
              24.9772308
            ],
            [
              121.4343669,
              24.9765071
            ],
            [
              121.4338886,
              24.9756648
            ],
            [
              121.4325262,
              24.9745751
            ],
            [
              121.4324056,
              24.9744815
            ],
            [
              121.4319729,
              24.9741453
            ],
            [
              121.4313451,
              24.9737645
            ],
            [
              121.4313039,
              24.9737395
            ],
            [
              121.4307028,
              24.9735034
            ],
            [
              121.4305425,
              24.9732128
            ],
            [
              121.4302821,
              24.9729404
            ],
            [
              121.4295607,
              24.9725953
            ],
            [
              121.428796,
              24.9720883
            ],
            [
              121.4282784,
              24.9717234
            ],
            [
              121.4278014,
              24.9715704
            ],
            [
              121.4271564,
              24.9717961
            ],
            [
              121.4266554,
              24.9717597
            ],
            [
              121.4254733,
              24.9713238
            ],
            [
              121.4245115,
              24.9704701
            ],
            [
              121.4243913,
              24.9699615
            ],
            [
              121.4230085,
              24.9688836
            ],
            [
              121.4210628,
              24.9681484
            ],
            [
              121.4197922,
              24.967671
            ],
            [
              121.4183174,
              24.9676245
            ],
            [
              121.4169177,
              24.967237
            ],
            [
              121.4160761,
              24.9668737
            ],
            [
              121.4141191,
              24.966434
            ],
            [
              121.4131339,
              24.9662189
            ],
            [
              121.4125766,
              24.9658832
            ],
            [
              121.4118625,
              24.965196
            ],
            [
              121.4109473,
              24.9651143
            ],
            [
              121.4105167,
              24.965064
            ],
            [
              121.4103114,
              24.9648745
            ],
            [
              121.4102408,
              24.9645096
            ],
            [
              121.410396,
              24.9643087
            ],
            [
              121.4106528,
              24.9642344
            ],
            [
              121.4107452,
              24.964081
            ],
            [
              121.4106607,
              24.9638738
            ],
            [
              121.4103327,
              24.963357
            ],
            [
              121.4100132,
              24.9626195
            ],
            [
              121.4099238,
              24.9612749
            ],
            [
              121.4101142,
              24.9600381
            ],
            [
              121.4102344,
              24.959634
            ],
            [
              121.4103369,
              24.9593397
            ],
            [
              121.4103574,
              24.9592496
            ],
            [
              121.4103618,
              24.9591363
            ],
            [
              121.4103329,
              24.9589631
            ],
            [
              121.4102873,
              24.9587312
            ],
            [
              121.410255,
              24.95857
            ],
            [
              121.4102349,
              24.9577493
            ],
            [
              121.4102952,
              24.9568009
            ],
            [
              121.4105165,
              24.9564726
            ],
            [
              121.4105546,
              24.9562132
            ],
            [
              121.4101142,
              24.9549315
            ],
            [
              121.4099607,
              24.9545111
            ],
            [
              121.4098929,
              24.9541382
            ],
            [
              121.4097848,
              24.9539733
            ],
            [
              121.4091333,
              24.9533059
            ],
            [
              121.4088196,
              24.9530192
            ],
            [
              121.4085779,
              24.9528673
            ],
            [
              121.4082099,
              24.9527184
            ],
            [
              121.4080183,
              24.952592
            ],
            [
              121.4075637,
              24.9521421
            ]
          ]
        ]
      },
      "properties": {
        "name": "新北市土城區",
        "display_name": "土城區, 清水, 新北市, 臺灣",
        "osm_id": 2783614,
        "osm_type": "relation",
        "source": "OSM Nominatim"
      }
    },
    {
      "type": "Feature",
      "geometry": {
        "type": "Polygon",
        "coordinates": [
          [
            [
              121.3175362,
              24.9163593
            ],
            [
              121.3195639,
              24.9149924
            ],
            [
              121.3198159,
              24.9143149
            ],
            [
              121.3201464,
              24.9136039
            ],
            [
              121.32151,
              24.91322
            ],
            [
              121.3225247,
              24.912497
            ],
            [
              121.3225389,
              24.9118894
            ],
            [
              121.3226531,
              24.9118141
            ],
            [
              121.3231269,
              24.9116777
            ],
            [
              121.3231132,
              24.9112891
            ],
            [
              121.3232596,
              24.9110219
            ],
            [
              121.3235054,
              24.9099945
            ],
            [
              121.3236875,
              24.9098298
            ],
            [
              121.3238359,
              24.9098054
            ],
            [
              121.3244493,
              24.9099299
            ],
            [
              121.3247756,
              24.9096546
            ],
            [
              121.3250182,
              24.9095283
            ],
            [
              121.3259512,
              24.9094384
            ],
            [
              121.3260979,
              24.9093332
            ],
            [
              121.3261932,
              24.9091891
            ],
            [
              121.3261941,
              24.9089777
            ],
            [
              121.3261142,
              24.9088308
            ],
            [
              121.3260398,
              24.9086475
            ],
            [
              121.3261754,
              24.9082614
            ],
            [
              121.3259908,
              24.9080628
            ],
            [
              121.3260153,
              24.9076705
            ],
            [
              121.3262,
              24.90744
            ],
            [
              121.3261818,
              24.9072909
            ],
            [
              121.3261622,
              24.9071302
            ],
            [
              121.3258929,
              24.9069229
            ],
            [
              121.3257542,
              24.9066269
            ],
            [
              121.3254359,
              24.9061754
            ],
            [
              121.3250581,
              24.9058006
            ],
            [
              121.3248786,
              24.9056226
            ],
            [
              121.32361,
              24.90439
            ],
            [
              121.3232691,
              24.9042229
            ],
            [
              121.3229355,
              24.9040594
            ],
            [
              121.3226945,
              24.9039413
            ],
            [
              121.32237,
              24.9038274
            ],
            [
              121.3220014,
              24.9036979
            ],
            [
              121.3219361,
              24.9036366
            ],
            [
              121.3217973,
              24.9035061
            ],
            [
              121.3217642,
              24.9033983
            ],
            [
              121.3217146,
              24.9032369
            ],
            [
              121.3217447,
              24.9029586
            ],
            [
              121.3217554,
              24.9028594
            ],
            [
              121.3217949,
              24.9026084
            ],
            [
              121.3218333,
              24.9024116
            ],
            [
              121.3218615,
              24.9022672
            ],
            [
              121.3218,
              24.90202
            ],
            [
              121.3214698,
              24.9017491
            ],
            [
              121.3214645,
              24.9015683
            ],
            [
              121.3214592,
              24.9013854
            ],
            [
              121.3213452,
              24.901275
            ],
            [
              121.3209436,
              24.9008859
            ],
            [
              121.3204152,
              24.900374
            ],
            [
              121.3203384,
              24.9002996
            ],
            [
              121.3203355,
              24.9002243
            ],
            [
              121.3209585,
              24.9000424
            ],
            [
              121.3213954,
              24.8998666
            ],
            [
              121.32203,
              24.89897
            ],
            [
              121.3224434,
              24.8985556
            ],
            [
              121.3227608,
              24.898447
            ],
            [
              121.3238352,
              24.89787
            ],
            [
              121.3247354,
              24.8975614
            ],
            [
              121.325524,
              24.8972763
            ],
            [
              121.3262275,
              24.8966638
            ],
            [
              121.3265376,
              24.8962493
            ],
            [
              121.3265784,
              24.895968
            ],
            [
              121.32708,
              24.89595
            ],
            [
              121.3278333,
              24.8959422
            ],
            [
              121.3282621,
              24.896278
            ],
            [
              121.3284635,
              24.8967378
            ],
            [
              121.3290837,
              24.8973522
            ],
            [
              121.3296586,
              24.8974826
            ],
            [
              121.3299977,
              24.8977149
            ],
            [
              121.3304221,
              24.8977593
            ],
            [
              121.3305934,
              24.897937
            ],
            [
              121.3306669,
              24.8983737
            ],
            [
              121.3311526,
              24.8986727
            ],
            [
              121.331385,
              24.8989807
            ],
            [
              121.3316188,
              24.8996382
            ],
            [
              121.331723,
              24.8997694
            ],
            [
              121.331943,
              24.8999032
            ],
            [
              121.3322917,
              24.8998412
            ],
            [
              121.3323231,
              24.8998211
            ],
            [
              121.332428,
              24.8997365
            ],
            [
              121.3328833,
              24.8994114
            ],
            [
              121.3332915,
              24.8993915
            ],
            [
              121.3337108,
              24.8988919
            ],
            [
              121.3336945,
              24.898655
            ],
            [
              121.3332388,
              24.898235
            ],
            [
              121.3332609,
              24.8976378
            ],
            [
              121.3332789,
              24.8970574
            ],
            [
              121.3333699,
              24.8968743
            ],
            [
              121.3334289,
              24.8966796
            ],
            [
              121.3334368,
              24.8965712
            ],
            [
              121.3333774,
              24.8962446
            ],
            [
              121.3332841,
              24.8960775
            ],
            [
              121.3329689,
              24.8958439
            ],
            [
              121.3327219,
              24.8955411
            ],
            [
              121.3326771,
              24.89503
            ],
            [
              121.332503,
              24.8946134
            ],
            [
              121.3323398,
              24.8940878
            ],
            [
              121.3321293,
              24.8937906
            ],
            [
              121.3320216,
              24.8934734
            ],
            [
              121.3322419,
              24.8933623
            ],
            [
              121.3330541,
              24.893228
            ],
            [
              121.3332375,
              24.8931477
            ],
            [
              121.3334179,
              24.8926384
            ],
            [
              121.3334318,
              24.892277
            ],
            [
              121.3333375,
              24.8917805
            ],
            [
              121.3333338,
              24.8916808
            ],
            [
              121.3336839,
              24.8915198
            ],
            [
              121.3338985,
              24.8915635
            ],
            [
              121.33439,
              24.8917535
            ],
            [
              121.3350425,
              24.8916659
            ],
            [
              121.3352385,
              24.8917868
            ],
            [
              121.3353348,
              24.8921335
            ],
            [
              121.335449,
              24.8922594
            ],
            [
              121.3360403,
              24.8922838
            ],
            [
              121.3363011,
              24.8922172
            ],
            [
              121.3365589,
              24.8922742
            ],
            [
              121.3368372,
              24.8925569
            ],
            [
              121.3374635,
              24.8926442
            ],
            [
              121.3383283,
              24.8933073
            ],
            [
              121.3389754,
              24.8932281
            ],
            [
              121.3392863,
              24.8929188
            ],
            [
              121.3394664,
              24.892893
            ],
            [
              121.3397895,
              24.8925823
            ],
            [
              121.3403085,
              24.8925393
            ],
            [
              121.3404632,
              24.8923264
            ],
            [
              121.3421764,
              24.8925534
            ],
            [
              121.3420021,
              24.8922446
            ],
            [
              121.3417409,
              24.8913785
            ],
            [
              121.3420347,
              24.8907863
            ],
            [
              121.3414721,
              24.8902675
            ],
            [
              121.3416485,
              24.8899713
            ],
            [
              121.3415428,
              24.8891411
            ],
            [
              121.3410915,
              24.8887585
            ],
            [
              121.3410881,
              24.8880843
            ],
            [
              121.3413188,
              24.8874783
            ],
            [
              121.3423938,
              24.887307
            ],
            [
              121.343683,
              24.8867064
            ],
            [
              121.3445751,
              24.8860296
            ],
            [
              121.3447277,
              24.8856487
            ],
            [
              121.3447786,
              24.8848262
            ],
            [
              121.3449272,
              24.8842086
            ],
            [
              121.3452066,
              24.8837161
            ],
            [
              121.3453398,
              24.883376
            ],
            [
              121.3453205,
              24.8830267
            ],
            [
              121.3452277,
              24.882755
            ],
            [
              121.345567,
              24.8817809
            ],
            [
              121.3456005,
              24.8809581
            ],
            [
              121.3455888,
              24.8800426
            ],
            [
              121.3461939,
              24.8792529
            ],
            [
              121.3471089,
              24.8787109
            ],
            [
              121.3476792,
              24.8786023
            ],
            [
              121.3486053,
              24.8785808
            ],
            [
              121.34969,
              24.8788
            ],
            [
              121.3505463,
              24.8785565
            ],
            [
              121.3508976,
              24.8782892
            ],
            [
              121.3519711,
              24.876779
            ],
            [
              121.3522507,
              24.8766737
            ],
            [
              121.3527663,
              24.8767182
            ],
            [
              121.3532964,
              24.8765872
            ],
            [
              121.3534574,
              24.8764154
            ],
            [
              121.3533882,
              24.8749554
            ],
            [
              121.3536718,
              24.8744476
            ],
            [
              121.3542245,
              24.8739807
            ],
            [
              121.3544049,
              24.8734567
            ],
            [
              121.3544255,
              24.8732763
            ],
            [
              121.3538678,
              24.8727484
            ],
            [
              121.353839,
              24.8725953
            ],
            [
              121.3537669,
              24.8721685
            ],
            [
              121.3536932,
              24.8720367
            ],
            [
              121.3531846,
              24.8711882
            ],
            [
              121.3529746,
              24.8710074
            ],
            [
              121.3526534,
              24.8708881
            ],
            [
              121.3523408,
              24.8706362
            ],
            [
              121.3520478,
              24.8704792
            ],
            [
              121.35062,
              24.870124
            ],
            [
              121.3501714,
              24.8698313
            ],
            [
              121.349722,
              24.8693538
            ],
            [
              121.3495146,
              24.8689133
            ],
            [
              121.3492814,
              24.8687392
            ],
            [
              121.3481307,
              24.8686208
            ],
            [
              121.3478978,
              24.8683015
            ],
            [
              121.3459021,
              24.8681973
            ],
            [
              121.3458131,
              24.8681173
            ],
            [
              121.3453659,
              24.8678704
            ],
            [
              121.3452496,
              24.867329
            ],
            [
              121.3450663,
              24.8669428
            ],
            [
              121.3452311,
              24.8668365
            ],
            [
              121.3456706,
              24.8662969
            ],
            [
              121.345972,
              24.8661129
            ],
            [
              121.3463762,
              24.8655407
            ],
            [
              121.34656,
              24.86485
            ],
            [
              121.3467634,
              24.8638135
            ],
            [
              121.3467915,
              24.8635563
            ],
            [
              121.3469311,
              24.8633638
            ],
            [
              121.3471663,
              24.8631832
            ],
            [
              121.3473285,
              24.8630311
            ],
            [
              121.3474071,
              24.8624345
            ],
            [
              121.3473559,
              24.8620096
            ],
            [
              121.3480591,
              24.8615478
            ],
            [
              121.3482776,
              24.8613054
            ],
            [
              121.3483208,
              24.8607629
            ],
            [
              121.3488768,
              24.8601794
            ],
            [
              121.3494903,
              24.8597006
            ],
            [
              121.3499179,
              24.8596024
            ],
            [
              121.3507186,
              24.8592616
            ],
            [
              121.3512546,
              24.8593825
            ],
            [
              121.3522119,
              24.8591479
            ],
            [
              121.3526054,
              24.8589275
            ],
            [
              121.3530434,
              24.8588398
            ],
            [
              121.3534515,
              24.8586472
            ],
            [
              121.3537076,
              24.8582446
            ],
            [
              121.3538546,
              24.857864
            ],
            [
              121.3538548,
              24.8575863
            ],
            [
              121.353956,
              24.8571908
            ],
            [
              121.3541455,
              24.8567805
            ],
            [
              121.3542911,
              24.8565693
            ],
            [
              121.3546674,
              24.8562778
            ],
            [
              121.3550265,
              24.8557358
            ],
            [
              121.3553748,
              24.8556206
            ],
            [
              121.3555794,
              24.8555098
            ],
            [
              121.3556379,
              24.8553602
            ],
            [
              121.3555359,
              24.8551447
            ],
            [
              121.3555896,
              24.8550486
            ],
            [
              121.3558301,
              24.8549659
            ],
            [
              121.3561037,
              24.8547302
            ],
            [
              121.3567028,
              24.8544317
            ],
            [
              121.3572563,
              24.8544099
            ],
            [
              121.3576531,
              24.8545217
            ],
            [
              121.3578872,
              24.854375
            ],
            [
              121.3581017,
              24.8539409
            ],
            [
              121.3581238,
              24.8534063
            ],
            [
              121.358009,
              24.8531973
            ],
            [
              121.3571244,
              24.853108
            ],
            [
              121.3568446,
              24.8532602
            ],
            [
              121.3567276,
              24.8535389
            ],
            [
              121.3565814,
              24.8536037
            ],
            [
              121.3559782,
              24.8534063
            ],
            [
              121.355469,
              24.8535884
            ],
            [
              121.3549826,
              24.8534565
            ],
            [
              121.3545989,
              24.8532168
            ],
            [
              121.3544267,
              24.8524796
            ],
            [
              121.3541796,
              24.852159
            ],
            [
              121.3537187,
              24.8518351
            ],
            [
              121.3535596,
              24.8515668
            ],
            [
              121.3535619,
              24.8509931
            ],
            [
              121.3533419,
              24.850622
            ],
            [
              121.3530829,
              24.8503417
            ],
            [
              121.3527863,
              24.8502528
            ],
            [
              121.3525305,
              24.8503164
            ],
            [
              121.3521116,
              24.8506783
            ],
            [
              121.3518677,
              24.8506693
            ],
            [
              121.3517541,
              24.8501838
            ],
            [
              121.3518793,
              24.8500054
            ],
            [
              121.3524534,
              24.8497042
            ],
            [
              121.3528377,
              24.8495005
            ],
            [
              121.3529075,
              24.8492401
            ],
            [
              121.3525963,
              24.8490516
            ],
            [
              121.3517352,
              24.8491454
            ],
            [
              121.3513034,
              24.8492614
            ],
            [
              121.3508072,
              24.8494796
            ],
            [
              121.3502884,
              24.8494648
            ],
            [
              121.3499355,
              24.8496314
            ],
            [
              121.3497691,
              24.8496232
            ],
            [
              121.3497542,
              24.8494278
            ],
            [
              121.3499779,
              24.8491857
            ],
            [
              121.3503497,
              24.8489593
            ],
            [
              121.3503823,
              24.8487483
            ],
            [
              121.3497528,
              24.8487384
            ],
            [
              121.3490953,
              24.8483833
            ],
            [
              121.3486322,
              24.8483358
            ],
            [
              121.3485474,
              24.8484918
            ],
            [
              121.3482626,
              24.8495384
            ],
            [
              121.3480957,
              24.8497947
            ],
            [
              121.3481613,
              24.8500462
            ],
            [
              121.3483273,
              24.8503583
            ],
            [
              121.3482775,
              24.8506176
            ],
            [
              121.3481964,
              24.8508135
            ],
            [
              121.3479845,
              24.8509096
            ],
            [
              121.3478312,
              24.8509409
            ],
            [
              121.3476663,
              24.8508409
            ],
            [
              121.3476748,
              24.8505904
            ],
            [
              121.3476792,
              24.8500165
            ],
            [
              121.3475976,
              24.8499138
            ],
            [
              121.3473718,
              24.849954
            ],
            [
              121.3469819,
              24.8501939
            ],
            [
              121.3469447,
              24.8501945
            ],
            [
              121.3466045,
              24.8501995
            ],
            [
              121.346122,
              24.8500881
            ],
            [
              121.3456761,
              24.8498148
            ],
            [
              121.3451853,
              24.8497168
            ],
            [
              121.3446921,
              24.8496199
            ],
            [
              121.3442569,
              24.8494509
            ],
            [
              121.3436356,
              24.8490521
            ],
            [
              121.3432159,
              24.848899
            ],
            [
              121.3424939,
              24.8486565
            ],
            [
              121.3419314,
              24.8485734
            ],
            [
              121.3415913,
              24.8486719
            ],
            [
              121.3410646,
              24.8487515
            ],
            [
              121.3404647,
              24.8489656
            ],
            [
              121.3402997,
              24.8489328
            ],
            [
              121.3402288,
              24.848721
            ],
            [
              121.3397595,
              24.8487415
            ],
            [
              121.3391955,
              24.8485144
            ],
            [
              121.338903,
              24.848543
            ],
            [
              121.3388414,
              24.8487511
            ],
            [
              121.3386593,
              24.8487832
            ],
            [
              121.338444,
              24.8486803
            ],
            [
              121.3381063,
              24.8484286
            ],
            [
              121.3376449,
              24.8484454
            ],
            [
              121.337335,
              24.8484283
            ],
            [
              121.3371358,
              24.84835
            ],
            [
              121.3367045,
              24.8477693
            ],
            [
              121.3362257,
              24.8470375
            ],
            [
              121.3360727,
              24.8461442
            ],
            [
              121.3360448,
              24.8455034
            ],
            [
              121.3359305,
              24.8451702
            ],
            [
              121.3357934,
              24.84479
            ],
            [
              121.3357865,
              24.8443276
            ],
            [
              121.3360983,
              24.8437654
            ],
            [
              121.3366391,
              24.8437545
            ],
            [
              121.337814,
              24.8435788
            ],
            [
              121.3380336,
              24.8437908
            ],
            [
              121.3384195,
              24.8437706
            ],
            [
              121.3386904,
              24.8436521
            ],
            [
              121.3392948,
              24.8436472
            ],
            [
              121.3395132,
              24.8434
            ],
            [
              121.3400498,
              24.8434087
            ],
            [
              121.3404119,
              24.8437045
            ],
            [
              121.3409134,
              24.8437492
            ],
            [
              121.3413491,
              24.8438055
            ],
            [
              121.3415798,
              24.8442301
            ],
            [
              121.3421825,
              24.8445863
            ],
            [
              121.3428189,
              24.8448098
            ],
            [
              121.3433798,
              24.8449188
            ],
            [
              121.3440816,
              24.8450981
            ],
            [
              121.34476,
              24.8452519
            ],
            [
              121.3448093,
              24.8454072
            ],
            [
              121.3450459,
              24.845521
            ],
            [
              121.345767,
              24.8456124
            ],
            [
              121.3462979,
              24.8458539
            ],
            [
              121.3467506,
              24.8459097
            ],
            [
              121.3474527,
              24.8454967
            ],
            [
              121.3487828,
              24.8455215
            ],
            [
              121.34916,
              24.84548
            ],
            [
              121.3499894,
              24.8452
            ],
            [
              121.35069,
              24.8449
            ],
            [
              121.3512,
              24.84471
            ],
            [
              121.3518173,
              24.8444419
            ],
            [
              121.35228,
              24.8445026
            ],
            [
              121.3526687,
              24.8444726
            ],
            [
              121.3530415,
              24.8443104
            ],
            [
              121.3534079,
              24.8440426
            ],
            [
              121.3543144,
              24.8440811
            ],
            [
              121.3548399,
              24.8439813
            ],
            [
              121.3549897,
              24.843269
            ],
            [
              121.3554228,
              24.8423571
            ],
            [
              121.3557779,
              24.8423691
            ],
            [
              121.3564132,
              24.8414929
            ],
            [
              121.3567775,
              24.8409369
            ],
            [
              121.3573463,
              24.8404484
            ],
            [
              121.3576832,
              24.8395145
            ],
            [
              121.358569,
              24.8392584
            ],
            [
              121.359096,
              24.8390535
            ],
            [
              121.3595044,
              24.8386503
            ],
            [
              121.3601042,
              24.8381584
            ],
            [
              121.36167,
              24.8379
            ],
            [
              121.3630682,
              24.8379568
            ],
            [
              121.3640711,
              24.838141
            ],
            [
              121.3646391,
              24.8379913
            ],
            [
              121.36531,
              24.837612
            ],
            [
              121.3658653,
              24.8375517
            ],
            [
              121.3664402,
              24.8373874
            ],
            [
              121.3671002,
              24.83691
            ],
            [
              121.3676738,
              24.8367994
            ],
            [
              121.3684702,
              24.8365548
            ],
            [
              121.3691754,
              24.8363696
            ],
            [
              121.3699264,
              24.8362561
            ],
            [
              121.3702526,
              24.8361236
            ],
            [
              121.3706186,
              24.8354758
            ],
            [
              121.3711595,
              24.8352532
            ],
            [
              121.3719266,
              24.8352372
            ],
            [
              121.3722892,
              24.8351866
            ],
            [
              121.3726407,
              24.8350931
            ],
            [
              121.3728117,
              24.8349872
            ],
            [
              121.3729294,
              24.8347845
            ],
            [
              121.3729809,
              24.8344916
            ],
            [
              121.3728078,
              24.8339663
            ],
            [
              121.3728055,
              24.8337831
            ],
            [
              121.3728436,
              24.833717
            ],
            [
              121.3729257,
              24.8335682
            ],
            [
              121.3732421,
              24.8333686
            ],
            [
              121.3734789,
              24.8332963
            ],
            [
              121.3736195,
              24.8332902
            ],
            [
              121.3738561,
              24.8333778
            ],
            [
              121.3743964,
              24.8337619
            ],
            [
              121.3747946,
              24.8338243
            ],
            [
              121.3749963,
              24.8338053
            ],
            [
              121.3757895,
              24.8338521
            ],
            [
              121.3763372,
              24.8340754
            ],
            [
              121.3769789,
              24.8343663
            ],
            [
              121.3777586,
              24.8344552
            ],
            [
              121.3781531,
              24.8345888
            ],
            [
              121.3789659,
              24.8349988
            ],
            [
              121.380216,
              24.8361007
            ],
            [
              121.3806734,
              24.8363997
            ],
            [
              121.3812457,
              24.8365324
            ],
            [
              121.3822034,
              24.8366463
            ],
            [
              121.3827988,
              24.8367657
            ],
            [
              121.3832457,
              24.8369301
            ],
            [
              121.3835062,
              24.8371216
            ],
            [
              121.383822,
              24.8375827
            ],
            [
              121.3840869,
              24.8378372
            ],
            [
              121.3843907,
              24.8379079
            ],
            [
              121.3845553,
              24.8380198
            ],
            [
              121.3845465,
              24.838318
            ],
            [
              121.3844141,
              24.8386786
            ],
            [
              121.3844477,
              24.8389364
            ],
            [
              121.3845181,
              24.8390774
            ],
            [
              121.384754,
              24.8394889
            ],
            [
              121.3848192,
              24.8399512
            ],
            [
              121.3847778,
              24.8401793
            ],
            [
              121.3850062,
              24.8407845
            ],
            [
              121.3852683,
              24.841014
            ],
            [
              121.3859541,
              24.8412006
            ],
            [
              121.3863696,
              24.8414501
            ],
            [
              121.3875923,
              24.8421067
            ],
            [
              121.3880447,
              24.8424045
            ],
            [
              121.3882183,
              24.8423979
            ],
            [
              121.3892304,
              24.8421564
            ],
            [
              121.3902747,
              24.8424645
            ],
            [
              121.3906702,
              24.8425742
            ],
            [
              121.3912612,
              24.8429405
            ],
            [
              121.3915328,
              24.8431352
            ],
            [
              121.3920648,
              24.843154
            ],
            [
              121.3925398,
              24.8432726
            ],
            [
              121.3937,
              24.84402
            ],
            [
              121.3945891,
              24.8439626
            ],
            [
              121.3955166,
              24.8437891
            ],
            [
              121.3964853,
              24.8436322
            ],
            [
              121.3969499,
              24.8437836
            ],
            [
              121.3972464,
              24.8437807
            ],
            [
              121.3972722,
              24.8436643
            ],
            [
              121.3970354,
              24.8432465
            ],
            [
              121.3969581,
              24.8429705
            ],
            [
              121.3972743,
              24.8424642
            ],
            [
              121.3977672,
              24.842135
            ],
            [
              121.3977917,
              24.841874
            ],
            [
              121.3984386,
              24.8416286
            ],
            [
              121.3997525,
              24.8415136
            ],
            [
              121.400851,
              24.8417582
            ],
            [
              121.4018605,
              24.8425499
            ],
            [
              121.4027063,
              24.8435193
            ],
            [
              121.4040134,
              24.8428126
            ],
            [
              121.4046365,
              24.8424611
            ],
            [
              121.4053784,
              24.8424204
            ],
            [
              121.4062701,
              24.8419262
            ],
            [
              121.4069438,
              24.8417734
            ],
            [
              121.4079543,
              24.8411468
            ],
            [
              121.4088026,
              24.8406434
            ],
            [
              121.40933,
              24.83965
            ],
            [
              121.4100968,
              24.8388317
            ],
            [
              121.4106768,
              24.8384193
            ],
            [
              121.4113658,
              24.8382962
            ],
            [
              121.4117864,
              24.8380412
            ],
            [
              121.41212,
              24.83762
            ],
            [
              121.412671,
              24.836879
            ],
            [
              121.4127864,
              24.8368478
            ],
            [
              121.4129357,
              24.8368118
            ],
            [
              121.4130305,
              24.8367181
            ],
            [
              121.4133163,
              24.8367344
            ],
            [
              121.4136676,
              24.8365776
            ],
            [
              121.4140666,
              24.836275
            ],
            [
              121.4144846,
              24.8361123
            ],
            [
              121.4154063,
              24.8357455
            ],
            [
              121.4156008,
              24.8355726
            ],
            [
              121.4155762,
              24.8352661
            ],
            [
              121.4151422,
              24.8340406
            ],
            [
              121.4148954,
              24.8335958
            ],
            [
              121.4140815,
              24.8326467
            ],
            [
              121.413953,
              24.8324217
            ],
            [
              121.4138792,
              24.8322027
            ],
            [
              121.4138637,
              24.8317841
            ],
            [
              121.4140556,
              24.8312031
            ],
            [
              121.414489,
              24.8305735
            ],
            [
              121.4150671,
              24.8299238
            ],
            [
              121.41584,
              24.82913
            ],
            [
              121.4160769,
              24.8287143
            ],
            [
              121.416081,
              24.8286849
            ],
            [
              121.416144,
              24.828228
            ],
            [
              121.4161068,
              24.8273923
            ],
            [
              121.4161121,
              24.8273559
            ],
            [
              121.4161645,
              24.8269922
            ],
            [
              121.4165228,
              24.8261207
            ],
            [
              121.4170142,
              24.8253751
            ],
            [
              121.4171311,
              24.825271
            ],
            [
              121.4174421,
              24.8252318
            ],
            [
              121.4187705,
              24.8252295
            ],
            [
              121.4189816,
              24.8253899
            ],
            [
              121.419223,
              24.825543
            ],
            [
              121.4195624,
              24.8255808
            ],
            [
              121.4204437,
              24.8255592
            ],
            [
              121.4213547,
              24.8254025
            ],
            [
              121.4219739,
              24.8253646
            ],
            [
              121.4229862,
              24.8254943
            ],
            [
              121.4233862,
              24.8254493
            ],
            [
              121.4236461,
              24.825389
            ],
            [
              121.4238853,
              24.8252025
            ],
            [
              121.4241421,
              24.8247735
            ],
            [
              121.4244931,
              24.8238752
            ],
            [
              121.4247873,
              24.8232265
            ],
            [
              121.4249868,
              24.8227923
            ],
            [
              121.4250773,
              24.8220581
            ],
            [
              121.4249701,
              24.8209899
            ],
            [
              121.4251478,
              24.8202451
            ],
            [
              121.4252492,
              24.8200753
            ],
            [
              121.4254783,
              24.8198679
            ],
            [
              121.4258166,
              24.8196897
            ],
            [
              121.426267,
              24.8194578
            ],
            [
              121.4266719,
              24.8192849
            ],
            [
              121.4270033,
              24.8189991
            ],
            [
              121.4271887,
              24.8186961
            ],
            [
              121.4277061,
              24.8172262
            ],
            [
              121.4279104,
              24.8170366
            ],
            [
              121.4284043,
              24.8168283
            ],
            [
              121.4285713,
              24.816707
            ],
            [
              121.4291385,
              24.8156895
            ],
            [
              121.4297308,
              24.8150698
            ],
            [
              121.43113,
              24.81406
            ],
            [
              121.4320745,
              24.8135484
            ],
            [
              121.4326118,
              24.8133694
            ],
            [
              121.4337278,
              24.8130967
            ],
            [
              121.43509,
              24.8125286
            ],
            [
              121.4357229,
              24.8123649
            ],
            [
              121.4363671,
              24.8122097
            ],
            [
              121.4365416,
              24.812003
            ],
            [
              121.4365837,
              24.8117413
            ],
            [
              121.43656,
              24.811574
            ],
            [
              121.4365354,
              24.8114003
            ],
            [
              121.4364235,
              24.8106108
            ],
            [
              121.4364788,
              24.8102089
            ],
            [
              121.436614,
              24.8097238
            ],
            [
              121.43688,
              24.8090398
            ],
            [
              121.4370402,
              24.8087157
            ],
            [
              121.4372219,
              24.8081095
            ],
            [
              121.4372496,
              24.8075978
            ],
            [
              121.4371131,
              24.8068229
            ],
            [
              121.436952,
              24.8061613
            ],
            [
              121.4368669,
              24.8056578
            ],
            [
              121.436889,
              24.8055206
            ],
            [
              121.4370324,
              24.8053246
            ],
            [
              121.4376306,
              24.8047626
            ],
            [
              121.4378392,
              24.80433
            ],
            [
              121.4378958,
              24.8039283
            ],
            [
              121.4379896,
              24.8029108
            ],
            [
              121.4379367,
              24.8020507
            ],
            [
              121.4380202,
              24.8011154
            ],
            [
              121.4379365,
              24.8006779
            ],
            [
              121.4374898,
              24.7998554
            ],
            [
              121.4373381,
              24.7995092
            ],
            [
              121.437217,
              24.7988871
            ],
            [
              121.4370153,
              24.7982375
            ],
            [
              121.4371694,
              24.797925
            ],
            [
              121.4374312,
              24.797645
            ],
            [
              121.437473,
              24.7974061
            ],
            [
              121.4375147,
              24.797125
            ],
            [
              121.43748,
              24.79696
            ],
            [
              121.437485,
              24.796525
            ],
            [
              121.43756,
              24.79634
            ],
            [
              121.4377968,
              24.7959551
            ],
            [
              121.4380702,
              24.79556
            ],
            [
              121.4384482,
              24.795127
            ],
            [
              121.4391373,
              24.7948012
            ],
            [
              121.4395459,
              24.7945807
            ],
            [
              121.4401564,
              24.7941543
            ],
            [
              121.4404067,
              24.7940437
            ],
            [
              121.4407866,
              24.7938479
            ],
            [
              121.4415357,
              24.7933941
            ],
            [
              121.4418106,
              24.7931255
            ],
            [
              121.4424561,
              24.7922306
            ],
            [
              121.4429281,
              24.7917665
            ],
            [
              121.443825,
              24.7914518
            ],
            [
              121.44435,
              24.7912142
            ],
            [
              121.4445944,
              24.7910492
            ],
            [
              121.4449692,
              24.7906595
            ],
            [
              121.4453868,
              24.7902513
            ],
            [
              121.4457707,
              24.7900965
            ],
            [
              121.4465508,
              24.7900402
            ],
            [
              121.4473826,
              24.7900832
            ],
            [
              121.4477119,
              24.790201
            ],
            [
              121.4487139,
              24.7908228
            ],
            [
              121.4494445,
              24.7910608
            ],
            [
              121.4500702,
              24.7910437
            ],
            [
              121.4503752,
              24.7909217
            ],
            [
              121.4506408,
              24.7912627
            ],
            [
              121.4507882,
              24.7915287
            ],
            [
              121.4509241,
              24.791713
            ],
            [
              121.451374,
              24.7919735
            ],
            [
              121.4516494,
              24.7920311
            ],
            [
              121.4519173,
              24.7920549
            ],
            [
              121.4523729,
              24.7919831
            ],
            [
              121.4528391,
              24.7918832
            ],
            [
              121.4534237,
              24.7917782
            ],
            [
              121.4538822,
              24.7917648
            ],
            [
              121.4544363,
              24.7919572
            ],
            [
              121.4548022,
              24.7920131
            ],
            [
              121.4554587,
              24.7922415
            ],
            [
              121.455876,
              24.7924682
            ],
            [
              121.456011,
              24.7926671
            ],
            [
              121.4561883,
              24.7928523
            ],
            [
              121.4562454,
              24.7933036
            ],
            [
              121.4561639,
              24.7935699
            ],
            [
              121.4560039,
              24.7940244
            ],
            [
              121.4557342,
              24.7948105
            ],
            [
              121.455626,
              24.7950864
            ],
            [
              121.4556169,
              24.7956947
            ],
            [
              121.4558409,
              24.7963975
            ],
            [
              121.455895,
              24.7968545
            ],
            [
              121.4556831,
              24.7975498
            ],
            [
              121.4553979,
              24.7983636
            ],
            [
              121.455315,
              24.7989656
            ],
            [
              121.4560661,
              24.7995028
            ],
            [
              121.4566772,
              24.79988
            ],
            [
              121.4569614,
              24.7999643
            ],
            [
              121.4573373,
              24.8001316
            ],
            [
              121.457672,
              24.8004198
            ],
            [
              121.4577203,
              24.800642
            ],
            [
              121.4578284,
              24.8008823
            ],
            [
              121.4578833,
              24.8010044
            ],
            [
              121.4581042,
              24.8012057
            ],
            [
              121.4588748,
              24.8012717
            ],
            [
              121.4593582,
              24.8015444
            ],
            [
              121.459456,
              24.8016628
            ],
            [
              121.4599154,
              24.8023541
            ],
            [
              121.4602954,
              24.8028981
            ],
            [
              121.4607273,
              24.8034677
            ],
            [
              121.4610455,
              24.8041256
            ],
            [
              121.4611043,
              24.8043031
            ],
            [
              121.4611755,
              24.8045181
            ],
            [
              121.4614036,
              24.8048732
            ],
            [
              121.46186,
              24.8053984
            ],
            [
              121.4622743,
              24.8056821
            ],
            [
              121.4632857,
              24.8059848
            ],
            [
              121.4642232,
              24.8062712
            ],
            [
              121.4645247,
              24.8063156
            ],
            [
              121.4652853,
              24.8062813
            ],
            [
              121.4658611,
              24.8062934
            ],
            [
              121.4662646,
              24.806328
            ],
            [
              121.4666189,
              24.8063304
            ],
            [
              121.4669286,
              24.8064858
            ],
            [
              121.4674501,
              24.8067668
            ],
            [
              121.4678077,
              24.8068742
            ],
            [
              121.4683954,
              24.8070183
            ],
            [
              121.4690538,
              24.8072371
            ],
            [
              121.4692999,
              24.8074991
            ],
            [
              121.4696422,
              24.8077358
            ],
            [
              121.470017,
              24.8080761
            ],
            [
              121.4709716,
              24.8089625
            ],
            [
              121.4718784,
              24.8097663
            ],
            [
              121.4719076,
              24.8097922
            ],
            [
              121.4724938,
              24.8105164
            ],
            [
              121.4730266,
              24.8126492
            ],
            [
              121.4731021,
              24.8132464
            ],
            [
              121.4734444,
              24.8134536
            ],
            [
              121.4738029,
              24.8135571
            ],
            [
              121.4742593,
              24.8137346
            ],
            [
              121.4747319,
              24.8141045
            ],
            [
              121.4757048,
              24.8142104
            ],
            [
              121.4761824,
              24.8147701
            ],
            [
              121.4771754,
              24.8154087
            ],
            [
              121.4777633,
              24.8159092
            ],
            [
              121.4784194,
              24.8160744
            ],
            [
              121.4816031,
              24.8158432
            ],
            [
              121.4824516,
              24.8168661
            ],
            [
              121.4831677,
              24.8176101
            ],
            [
              121.4839076,
              24.8182862
            ],
            [
              121.4840433,
              24.8189467
            ],
            [
              121.4840136,
              24.8198925
            ],
            [
              121.4835364,
              24.8202232
            ],
            [
              121.4832011,
              24.8204632
            ],
            [
              121.4827585,
              24.8212014
            ],
            [
              121.4822041,
              24.8227035
            ],
            [
              121.481422,
              24.8229889
            ],
            [
              121.480497,
              24.8232468
            ],
            [
              121.4804421,
              24.8238863
            ],
            [
              121.4814146,
              24.8255846
            ],
            [
              121.4822927,
              24.8263753
            ],
            [
              121.4828747,
              24.8274601
            ],
            [
              121.4837346,
              24.8284869
            ],
            [
              121.4833949,
              24.8298862
            ],
            [
              121.4839406,
              24.8305801
            ],
            [
              121.4839441,
              24.8316862
            ],
            [
              121.4850361,
              24.8323464
            ],
            [
              121.4859737,
              24.8332921
            ],
            [
              121.4870716,
              24.8345046
            ],
            [
              121.4884362,
              24.8345692
            ],
            [
              121.4902412,
              24.8344597
            ],
            [
              121.4921449,
              24.8354357
            ],
            [
              121.4931735,
              24.8359017
            ],
            [
              121.494473,
              24.8363284
            ],
            [
              121.4948852,
              24.8378671
            ],
            [
              121.4946657,
              24.8397144
            ],
            [
              121.4952582,
              24.8408296
            ],
            [
              121.4960412,
              24.8417017
            ],
            [
              121.4963845,
              24.8428079
            ],
            [
              121.4967911,
              24.8449445
            ],
            [
              121.4964393,
              24.8466603
            ],
            [
              121.4972308,
              24.8483761
            ],
            [
              121.4969974,
              24.849269
            ],
            [
              121.4966592,
              24.8502116
            ],
            [
              121.496519,
              24.8504095
            ],
            [
              121.4959262,
              24.8512466
            ],
            [
              121.4954332,
              24.851368
            ],
            [
              121.4949442,
              24.8514885
            ],
            [
              121.4936206,
              24.8520332
            ],
            [
              121.4930754,
              24.8530291
            ],
            [
              121.4927983,
              24.8537428
            ],
            [
              121.493056,
              24.8558082
            ],
            [
              121.4927161,
              24.8569885
            ],
            [
              121.4919823,
              24.857445
            ],
            [
              121.4913224,
              24.8587681
            ],
            [
              121.4900925,
              24.8600169
            ],
            [
              121.4893031,
              24.8611332
            ],
            [
              121.4886597,
              24.8618045
            ],
            [
              121.4883579,
              24.8622469
            ],
            [
              121.4865286,
              24.8624008
            ],
            [
              121.4856881,
              24.862957
            ],
            [
              121.4852394,
              24.8629395
            ],
            [
              121.4832326,
              24.8618477
            ],
            [
              121.4806084,
              24.861727
            ],
            [
              121.4802705,
              24.8618679
            ],
            [
              121.47877,
              24.8638959
            ],
            [
              121.4787698,
              24.8644415
            ],
            [
              121.4786442,
              24.8648854
            ],
            [
              121.4781153,
              24.8650211
            ],
            [
              121.4776794,
              24.8656434
            ],
            [
              121.4776635,
              24.8661521
            ],
            [
              121.4777258,
              24.8665479
            ],
            [
              121.4779792,
              24.8671806
            ],
            [
              121.4787075,
              24.8681454
            ],
            [
              121.47891,
              24.8686685
            ],
            [
              121.4791727,
              24.8691294
            ],
            [
              121.4791905,
              24.869644
            ],
            [
              121.4792217,
              24.8698701
            ],
            [
              121.4792901,
              24.8702168
            ],
            [
              121.4788944,
              24.870478
            ],
            [
              121.4783023,
              24.8706477
            ],
            [
              121.4776363,
              24.8711932
            ],
            [
              121.4773588,
              24.8718962
            ],
            [
              121.4772739,
              24.8726692
            ],
            [
              121.4769075,
              24.8731678
            ],
            [
              121.4762543,
              24.8736799
            ],
            [
              121.4754976,
              24.8739698
            ],
            [
              121.4752045,
              24.8742094
            ],
            [
              121.4747011,
              24.8753511
            ],
            [
              121.4744848,
              24.8756944
            ],
            [
              121.4737004,
              24.8760807
            ],
            [
              121.4724959,
              24.8763281
            ],
            [
              121.4717774,
              24.8770036
            ],
            [
              121.4717767,
              24.8770723
            ],
            [
              121.4718014,
              24.8772389
            ],
            [
              121.4720146,
              24.87765
            ],
            [
              121.4722145,
              24.8783825
            ],
            [
              121.4728461,
              24.8795216
            ],
            [
              121.4731854,
              24.8798328
            ],
            [
              121.4734099,
              24.880105
            ],
            [
              121.4735009,
              24.8803982
            ],
            [
              121.4738131,
              24.8809277
            ],
            [
              121.4740422,
              24.8811352
            ],
            [
              121.4742958,
              24.8815458
            ],
            [
              121.4748293,
              24.8818509
            ],
            [
              121.4749664,
              24.8819789
            ],
            [
              121.4749503,
              24.8823585
            ],
            [
              121.4749181,
              24.8825775
            ],
            [
              121.4749307,
              24.8828152
            ],
            [
              121.4750683,
              24.8833561
            ],
            [
              121.4753158,
              24.8841367
            ],
            [
              121.475483,
              24.8847321
            ],
            [
              121.4754868,
              24.8850301
            ],
            [
              121.4753526,
              24.8857211
            ],
            [
              121.4753575,
              24.886171
            ],
            [
              121.4756155,
              24.8863538
            ],
            [
              121.4759642,
              24.8864462
            ],
            [
              121.4763368,
              24.8866567
            ],
            [
              121.4766669,
              24.8869913
            ],
            [
              121.4768547,
              24.8872443
            ],
            [
              121.4771581,
              24.8875548
            ],
            [
              121.4776277,
              24.8879593
            ],
            [
              121.4778417,
              24.8882662
            ],
            [
              121.4780018,
              24.8887088
            ],
            [
              121.4784876,
              24.8895415
            ],
            [
              121.4788634,
              24.8899651
            ],
            [
              121.4792901,
              24.8901835
            ],
            [
              121.4797218,
              24.8902795
            ],
            [
              121.4799875,
              24.8903879
            ],
            [
              121.4803016,
              24.8906041
            ],
            [
              121.4806151,
              24.8910691
            ],
            [
              121.4807224,
              24.8913562
            ],
            [
              121.4809164,
              24.8916514
            ],
            [
              121.4813587,
              24.892209
            ],
            [
              121.4814305,
              24.8923635
            ],
            [
              121.4814923,
              24.892685
            ],
            [
              121.4817256,
              24.8930302
            ],
            [
              121.4819684,
              24.8932932
            ],
            [
              121.4822795,
              24.8933739
            ],
            [
              121.4824498,
              24.8935216
            ],
            [
              121.4826268,
              24.893906
            ],
            [
              121.4827872,
              24.8943512
            ],
            [
              121.4828521,
              24.8948403
            ],
            [
              121.4828499,
              24.8951543
            ],
            [
              121.4829969,
              24.8955215
            ],
            [
              121.4832973,
              24.8957454
            ],
            [
              121.4834833,
              24.8959854
            ],
            [
              121.4839554,
              24.8968026
            ],
            [
              121.4845552,
              24.8974471
            ],
            [
              121.4848047,
              24.8976723
            ],
            [
              121.4849764,
              24.8978182
            ],
            [
              121.4851393,
              24.8980179
            ],
            [
              121.4854109,
              24.8981686
            ],
            [
              121.4855611,
              24.8982172
            ],
            [
              121.4858401,
              24.8981978
            ],
            [
              121.4860707,
              24.898188
            ],
            [
              121.4863175,
              24.8982188
            ],
            [
              121.4857533,
              24.8989808
            ],
            [
              121.4857006,
              24.8992585
            ],
            [
              121.4858079,
              24.8994733
            ],
            [
              121.4860588,
              24.8999234
            ],
            [
              121.4862853,
              24.9002511
            ],
            [
              121.486523,
              24.9004622
            ],
            [
              121.4866769,
              24.9005188
            ],
            [
              121.4868754,
              24.9005139
            ],
            [
              121.4870493,
              24.9004826
            ],
            [
              121.4875567,
              24.9005334
            ],
            [
              121.4879161,
              24.9007474
            ],
            [
              121.4881464,
              24.9011247
            ],
            [
              121.4883292,
              24.9012194
            ],
            [
              121.4891458,
              24.9011966
            ],
            [
              121.4896007,
              24.9012021
            ],
            [
              121.4898848,
              24.9013021
            ],
            [
              121.4903672,
              24.9016413
            ],
            [
              121.4906412,
              24.9017157
            ],
            [
              121.4906734,
              24.9018325
            ],
            [
              121.4905983,
              24.9019687
            ],
            [
              121.4905827,
              24.9020754
            ],
            [
              121.4907056,
              24.9023239
            ],
            [
              121.4908397,
              24.9024894
            ],
            [
              121.4909705,
              24.9026033
            ],
            [
              121.4912498,
              24.9027699
            ],
            [
              121.4919648,
              24.9032537
            ],
            [
              121.4922572,
              24.9033983
            ],
            [
              121.4923353,
              24.903437
            ],
            [
              121.4925429,
              24.903578
            ],
            [
              121.4921096,
              24.9038796
            ],
            [
              121.491555,
              24.904423
            ],
            [
              121.4911551,
              24.9046873
            ],
            [
              121.4911463,
              24.9046947
            ],
            [
              121.4908477,
              24.9049909
            ],
            [
              121.4906979,
              24.9053997
            ],
            [
              121.4905957,
              24.9058827
            ],
            [
              121.4903388,
              24.9066755
            ],
            [
              121.4901379,
              24.9071063
            ],
            [
              121.4899438,
              24.9074584
            ],
            [
              121.4894193,
              24.9080934
            ],
            [
              121.4893702,
              24.9084543
            ],
            [
              121.4893936,
              24.9086987
            ],
            [
              121.4899953,
              24.9093667
            ],
            [
              121.49015,
              24.909964
            ],
            [
              121.4901304,
              24.9101604
            ],
            [
              121.489548,
              24.9113384
            ],
            [
              121.4902156,
              24.9115212
            ],
            [
              121.4904815,
              24.9117103
            ],
            [
              121.4908771,
              24.9126592
            ],
            [
              121.4909496,
              24.9128942
            ],
            [
              121.4909293,
              24.9132212
            ],
            [
              121.4908647,
              24.9135616
            ],
            [
              121.4908468,
              24.913964
            ],
            [
              121.4909823,
              24.9142018
            ],
            [
              121.4914607,
              24.9146476
            ],
            [
              121.4916786,
              24.9149536
            ],
            [
              121.4917949,
              24.9152241
            ],
            [
              121.4917897,
              24.9155903
            ],
            [
              121.4917093,
              24.9162462
            ],
            [
              121.4917559,
              24.9165897
            ],
            [
              121.4918343,
              24.9168288
            ],
            [
              121.492036,
              24.9170936
            ],
            [
              121.490961,
              24.9180704
            ],
            [
              121.4903842,
              24.9186643
            ],
            [
              121.4897749,
              24.9194285
            ],
            [
              121.4895212,
              24.9204622
            ],
            [
              121.4892068,
              24.9206837
            ],
            [
              121.4886296,
              24.9215548
            ],
            [
              121.4881015,
              24.9223644
            ],
            [
              121.4878022,
              24.9224539
            ],
            [
              121.4872032,
              24.9223135
            ],
            [
              121.4865525,
              24.9222666
            ],
            [
              121.4862736,
              24.9225851
            ],
            [
              121.486033,
              24.9229038
            ],
            [
              121.4855866,
              24.9239413
            ],
            [
              121.4855247,
              24.9242729
            ],
            [
              121.4851963,
              24.9244482
            ],
            [
              121.4852669,
              24.9248214
            ],
            [
              121.4856387,
              24.9250181
            ],
            [
              121.485773,
              24.9255239
            ],
            [
              121.4856788,
              24.9257953
            ],
            [
              121.4857591,
              24.9262073
            ],
            [
              121.485081,
              24.9270506
            ],
            [
              121.4846885,
              24.9279404
            ],
            [
              121.4845146,
              24.9280636
            ],
            [
              121.4841101,
              24.9280434
            ],
            [
              121.4839395,
              24.928041
            ],
            [
              121.4834714,
              24.928357
            ],
            [
              121.4830535,
              24.9284591
            ],
            [
              121.4826964,
              24.9285234
            ],
            [
              121.482313,
              24.928521
            ],
            [
              121.4817939,
              24.9284603
            ],
            [
              121.4812024,
              24.9285856
            ],
            [
              121.480713,
              24.9287605
            ],
            [
              121.4801743,
              24.9288371
            ],
            [
              121.4789967,
              24.9287743
            ],
            [
              121.4787055,
              24.9286225
            ],
            [
              121.47834,
              24.9285953
            ],
            [
              121.4782014,
              24.9286397
            ],
            [
              121.4779545,
              24.9289622
            ],
            [
              121.4773511,
              24.9291719
            ],
            [
              121.4769447,
              24.9291086
            ],
            [
              121.476249,
              24.9291236
            ],
            [
              121.4760071,
              24.9293259
            ],
            [
              121.4751812,
              24.9297422
            ],
            [
              121.4743498,
              24.9300316
            ],
            [
              121.4741727,
              24.9302667
            ],
            [
              121.4737217,
              24.9306286
            ],
            [
              121.4734591,
              24.9308668
            ],
            [
              121.4728933,
              24.9307569
            ],
            [
              121.4714103,
              24.9306678
            ],
            [
              121.4711052,
              24.9309767
            ],
            [
              121.4707213,
              24.9312058
            ],
            [
              121.4704182,
              24.9312607
            ],
            [
              121.470004,
              24.9312058
            ],
            [
              121.4695797,
              24.9310592
            ],
            [
              121.4691832,
              24.9307751
            ],
            [
              121.4682594,
              24.9308395
            ],
            [
              121.4679201,
              24.9312638
            ],
            [
              121.4673278,
              24.9315145
            ],
            [
              121.4672278,
              24.9316894
            ],
            [
              121.4671992,
              24.9318514
            ],
            [
              121.4671242,
              24.9319745
            ],
            [
              121.4670456,
              24.9319842
            ],
            [
              121.4668037,
              24.9319643
            ],
            [
              121.4663991,
              24.9319065
            ],
            [
              121.46611,
              24.9319922
            ],
            [
              121.4655531,
              24.9323511
            ],
            [
              121.4645396,
              24.9329399
            ],
            [
              121.4639714,
              24.9332759
            ],
            [
              121.463754,
              24.9332401
            ],
            [
              121.4635317,
              24.9332311
            ],
            [
              121.4633076,
              24.9334187
            ],
            [
              121.4630018,
              24.9336432
            ],
            [
              121.4625953,
              24.9336869
            ],
            [
              121.4622694,
              24.9338542
            ],
            [
              121.4619145,
              24.9339883
            ],
            [
              121.4617762,
              24.9339704
            ],
            [
              121.4617243,
              24.9339009
            ],
            [
              121.4616453,
              24.93378
            ],
            [
              121.4614575,
              24.9337128
            ],
            [
              121.4613463,
              24.933715
            ],
            [
              121.4612105,
              24.9338248
            ],
            [
              121.4611932,
              24.9339166
            ],
            [
              121.4611114,
              24.9339494
            ],
            [
              121.4609091,
              24.9339928
            ],
            [
              121.46062,
              24.9339883
            ],
            [
              121.4601977,
              24.9340875
            ],
            [
              121.459974,
              24.9341858
            ],
            [
              121.4598357,
              24.9343643
            ],
            [
              121.4598162,
              24.9344494
            ],
            [
              121.459889,
              24.9345729
            ],
            [
              121.4601136,
              24.9348604
            ],
            [
              121.4601663,
              24.9350523
            ],
            [
              121.4601554,
              24.9351788
            ],
            [
              121.4600002,
              24.9352881
            ],
            [
              121.4597673,
              24.935375
            ],
            [
              121.4597269,
              24.935449
            ],
            [
              121.4598184,
              24.9355531
            ],
            [
              121.460151,
              24.9358557
            ],
            [
              121.4604083,
              24.9362074
            ],
            [
              121.4605504,
              24.9365708
            ],
            [
              121.4606063,
              24.9369996
            ],
            [
              121.4608782,
              24.9375088
            ],
            [
              121.4608135,
              24.9375561
            ],
            [
              121.4607825,
              24.9377037
            ],
            [
              121.4601441,
              24.9384397
            ],
            [
              121.4596917,
              24.9387824
            ],
            [
              121.4591339,
              24.93912
            ],
            [
              121.4587612,
              24.9393731
            ],
            [
              121.4585672,
              24.9404852
            ],
            [
              121.4585159,
              24.9408381
            ],
            [
              121.4584746,
              24.9414074
            ],
            [
              121.4583939,
              24.9420183
            ],
            [
              121.4584311,
              24.9424581
            ],
            [
              121.4584555,
              24.9428937
            ],
            [
              121.4584367,
              24.9432093
            ],
            [
              121.4582761,
              24.9435296
            ],
            [
              121.4578114,
              24.9444563
            ],
            [
              121.4578047,
              24.9443526
            ],
            [
              121.4576756,
              24.9447576
            ],
            [
              121.4575209,
              24.9450587
            ],
            [
              121.4574656,
              24.9452375
            ],
            [
              121.4574025,
              24.9453972
            ],
            [
              121.4573434,
              24.9455492
            ],
            [
              121.4573397,
              24.9456882
            ],
            [
              121.4574007,
              24.9459165
            ],
            [
              121.457478,
              24.9461543
            ],
            [
              121.4570787,
              24.9460977
            ],
            [
              121.4568361,
              24.9461297
            ],
            [
              121.4567274,
              24.9461291
            ],
            [
              121.4565933,
              24.9461558
            ],
            [
              121.4560927,
              24.9462943
            ],
            [
              121.4560407,
              24.9462872
            ],
            [
              121.4559871,
              24.9462264
            ],
            [
              121.4558319,
              24.9458706
            ],
            [
              121.4557855,
              24.9455973
            ],
            [
              121.4557779,
              24.9454968
            ],
            [
              121.4557403,
              24.945256
            ],
            [
              121.4556545,
              24.9451271
            ],
            [
              121.45554,
              24.9450173
            ],
            [
              121.4554137,
              24.9449704
            ],
            [
              121.4552093,
              24.9449301
            ],
            [
              121.4550483,
              24.944828
            ],
            [
              121.454941,
              24.9447477
            ],
            [
              121.4546299,
              24.9445751
            ],
            [
              121.4543858,
              24.9444535
            ],
            [
              121.4541412,
              24.9443528
            ],
            [
              121.453954,
              24.9443246
            ],
            [
              121.4537394,
              24.9443294
            ],
            [
              121.4535919,
              24.9443294
            ],
            [
              121.4529482,
              24.9443513
            ],
            [
              121.4526156,
              24.9443732
            ],
            [
              121.4522025,
              24.9443878
            ],
            [
              121.4518548,
              24.9443748
            ],
            [
              121.4516714,
              24.9443562
            ],
            [
              121.4514869,
              24.9442962
            ],
            [
              121.4512567,
              24.9441636
            ],
            [
              121.451194,
              24.9441105
            ],
            [
              121.4511001,
              24.9440303
            ],
            [
              121.4508238,
              24.9439719
            ],
            [
              121.4506495,
              24.9438746
            ],
            [
              121.450586,
              24.943827
            ],
            [
              121.4505181,
              24.9437919
            ],
            [
              121.4502306,
              24.9435854
            ],
            [
              121.4500675,
              24.9434685
            ],
            [
              121.4499521,
              24.9433226
            ],
            [
              121.4497724,
              24.9431085
            ],
            [
              121.4495548,
              24.9428534
            ],
            [
              121.4492682,
              24.9425905
            ],
            [
              121.4489436,
              24.9423108
            ],
            [
              121.4489034,
              24.9422914
            ],
            [
              121.4484984,
              24.941946
            ],
            [
              121.4483777,
              24.9418512
            ],
            [
              121.4482355,
              24.9417271
            ],
            [
              121.4480591,
              24.9416156
            ],
            [
              121.4478493,
              24.941518
            ],
            [
              121.4476508,
              24.9414304
            ],
            [
              121.447437,
              24.9413509
            ],
            [
              121.4473623,
              24.9413276
            ],
            [
              121.4471816,
              24.9412296
            ],
            [
              121.4470366,
              24.9411702
            ],
            [
              121.4468944,
              24.9411094
            ],
            [
              121.4460062,
              24.940714
            ],
            [
              121.445792,
              24.9406303
            ],
            [
              121.4457035,
              24.9405719
            ],
            [
              121.4456311,
              24.9405427
            ],
            [
              121.445438,
              24.940426
            ],
            [
              121.4453655,
              24.9403895
            ],
            [
              121.445151,
              24.9402411
            ],
            [
              121.444923,
              24.9400977
            ],
            [
              121.4446545,
              24.9398995
            ],
            [
              121.4446279,
              24.9398715
            ],
            [
              121.4445917,
              24.9398478
            ],
            [
              121.4443275,
              24.9395918
            ],
            [
              121.4441881,
              24.9394288
            ],
            [
              121.4440631,
              24.9392712
            ],
            [
              121.4439332,
              24.9391394
            ],
            [
              121.4438206,
              24.9390494
            ],
            [
              121.4437106,
              24.9389594
            ],
            [
              121.443547,
              24.9388524
            ],
            [
              121.4434263,
              24.9387722
            ],
            [
              121.4431742,
              24.9386335
            ],
            [
              121.4431366,
              24.9385995
            ],
            [
              121.4428977,
              24.9384665
            ],
            [
              121.4427879,
              24.938366
            ],
            [
              121.4427182,
              24.9382711
            ],
            [
              121.4426351,
              24.9381617
            ],
            [
              121.4425868,
              24.9380863
            ],
            [
              121.4425331,
              24.937972
            ],
            [
              121.44245,
              24.9378334
            ],
            [
              121.4423695,
              24.937719
            ],
            [
              121.44234,
              24.9376777
            ],
            [
              121.4422703,
              24.9376339
            ],
            [
              121.4422096,
              24.9376049
            ],
            [
              121.4415783,
              24.9375731
            ],
            [
              121.4409919,
              24.9374371
            ],
            [
              121.4408997,
              24.9373713
            ],
            [
              121.4408594,
              24.937325
            ],
            [
              121.4407977,
              24.9372764
            ],
            [
              121.440669,
              24.9372083
            ],
            [
              121.4404847,
              24.9371632
            ],
            [
              121.4403203,
              24.9371451
            ],
            [
              121.4400253,
              24.937128
            ],
            [
              121.4399233,
              24.9371061
            ],
            [
              121.4398601,
              24.9370591
            ],
            [
              121.439808,
              24.9369967
            ],
            [
              121.4397695,
              24.9368853
            ],
            [
              121.439698,
              24.9367389
            ],
            [
              121.4395854,
              24.9365711
            ],
            [
              121.4394416,
              24.9363953
            ],
            [
              121.439167,
              24.9362257
            ],
            [
              121.4389214,
              24.9361127
            ],
            [
              121.4387003,
              24.9360384
            ],
            [
              121.438483,
              24.9359728
            ],
            [
              121.4381611,
              24.9358974
            ],
            [
              121.4379492,
              24.9358584
            ],
            [
              121.4378768,
              24.9358366
            ],
            [
              121.4376435,
              24.9358049
            ],
            [
              121.4374289,
              24.935749
            ],
            [
              121.4370867,
              24.9356543
            ],
            [
              121.4370091,
              24.9356383
            ],
            [
              121.4369313,
              24.9356128
            ],
            [
              121.4368804,
              24.9356067
            ],
            [
              121.4368147,
              24.9355824
            ],
            [
              121.436761,
              24.9355787
            ],
            [
              121.4367034,
              24.9355727
            ],
            [
              121.4366873,
              24.9356043
            ],
            [
              121.4366604,
              24.9357478
            ],
            [
              121.4366564,
              24.9357855
            ],
            [
              121.436647,
              24.9358426
            ],
            [
              121.4366256,
              24.9358961
            ],
            [
              121.4365733,
              24.9359715
            ],
            [
              121.4365317,
              24.9360092
            ],
            [
              121.4363708,
              24.93625
            ],
            [
              121.4363466,
              24.9363023
            ],
            [
              121.436289,
              24.9364191
            ],
            [
              121.4362593,
              24.9364869
            ],
            [
              121.4362346,
              24.9365773
            ],
            [
              121.4362061,
              24.9366517
            ],
            [
              121.4361664,
              24.9368365
            ],
            [
              121.4361608,
              24.9369248
            ],
            [
              121.4361453,
              24.9369933
            ],
            [
              121.4361153,
              24.9370601
            ],
            [
              121.4360873,
              24.9371378
            ],
            [
              121.4360528,
              24.9372283
            ],
            [
              121.4360102,
              24.9373053
            ],
            [
              121.4359774,
              24.9373772
            ],
            [
              121.4359505,
              24.9374247
            ],
            [
              121.4359035,
              24.9375047
            ],
            [
              121.4357263,
              24.9377433
            ],
            [
              121.4356791,
              24.9378007
            ],
            [
              121.4356273,
              24.9378454
            ],
            [
              121.435573,
              24.9379218
            ],
            [
              121.4354916,
              24.9380148
            ],
            [
              121.4354024,
              24.9381342
            ],
            [
              121.4353492,
              24.9381883
            ],
            [
              121.4351988,
              24.9384033
            ],
            [
              121.4351559,
              24.9384554
            ],
            [
              121.4351399,
              24.9384994
            ],
            [
              121.4350986,
              24.9385706
            ],
            [
              121.4350742,
              24.9386248
            ],
            [
              121.4350499,
              24.9386642
            ],
            [
              121.4349997,
              24.9387492
            ],
            [
              121.4349692,
              24.9388137
            ],
            [
              121.4349241,
              24.9388977
            ],
            [
              121.4348783,
              24.9389878
            ],
            [
              121.4348199,
              24.9390947
            ],
            [
              121.4347851,
              24.9391446
            ],
            [
              121.4347393,
              24.9392331
            ],
            [
              121.4346671,
              24.9393603
            ],
            [
              121.4346646,
              24.9393829
            ],
            [
              121.434637,
              24.9394245
            ],
            [
              121.4346091,
              24.9394665
            ],
            [
              121.4345898,
              24.9395081
            ],
            [
              121.4345525,
              24.9395639
            ],
            [
              121.4345124,
              24.9396571
            ],
            [
              121.4344768,
              24.9397214
            ],
            [
              121.4344408,
              24.9397865
            ],
            [
              121.4344121,
              24.9398576
            ],
            [
              121.4343767,
              24.9399126
            ],
            [
              121.4343423,
              24.9399884
            ],
            [
              121.4343242,
              24.9400367
            ],
            [
              121.4342934,
              24.9400929
            ],
            [
              121.4342125,
              24.9402295
            ],
            [
              121.4341326,
              24.9403335
            ],
            [
              121.433993,
              24.940459
            ],
            [
              121.4337897,
              24.9406116
            ],
            [
              121.4336137,
              24.9407402
            ],
            [
              121.4335471,
              24.9407727
            ],
            [
              121.4334269,
              24.9408506
            ],
            [
              121.4332196,
              24.9409543
            ],
            [
              121.4331726,
              24.9409834
            ],
            [
              121.4331258,
              24.9410012
            ],
            [
              121.4330739,
              24.9410086
            ],
            [
              121.4329467,
              24.9410098
            ],
            [
              121.4328991,
              24.9409964
            ],
            [
              121.4327988,
              24.9409898
            ],
            [
              121.4326602,
              24.9409529
            ],
            [
              121.432559,
              24.9409145
            ],
            [
              121.4325228,
              24.9408944
            ],
            [
              121.4324741,
              24.9408283
            ],
            [
              121.4324365,
              24.9407701
            ],
            [
              121.4324216,
              24.9407075
            ],
            [
              121.4324116,
              24.9406608
            ],
            [
              121.4323777,
              24.9405849
            ],
            [
              121.4323431,
              24.940516
            ],
            [
              121.4322708,
              24.9403594
            ],
            [
              121.4321975,
              24.9402308
            ],
            [
              121.4321511,
              24.9401199
            ],
            [
              121.4321205,
              24.9400768
            ],
            [
              121.4320875,
              24.940037
            ],
            [
              121.4320476,
              24.940001
            ],
            [
              121.4319778,
              24.9399462
            ],
            [
              121.4319094,
              24.9399198
            ],
            [
              121.431858,
              24.9398935
            ],
            [
              121.4317982,
              24.9398729
            ],
            [
              121.4317403,
              24.9398528
            ],
            [
              121.4316479,
              24.9398326
            ],
            [
              121.4315723,
              24.9398107
            ],
            [
              121.4314985,
              24.9397876
            ],
            [
              121.4313711,
              24.9397438
            ],
            [
              121.4312276,
              24.9397073
            ],
            [
              121.4310358,
              24.9396599
            ],
            [
              121.4309232,
              24.9396088
            ],
            [
              121.4308923,
              24.9395869
            ],
            [
              121.4308105,
              24.939503
            ],
            [
              121.430714,
              24.9394033
            ],
            [
              121.4306711,
              24.9393571
            ],
            [
              121.4306228,
              24.9393157
            ],
            [
              121.4305678,
              24.9392634
            ],
            [
              121.4304337,
              24.9392039
            ],
            [
              121.430195,
              24.9391674
            ],
            [
              121.4299898,
              24.9391516
            ],
            [
              121.429861,
              24.9391479
            ],
            [
              121.4298114,
              24.9391431
            ],
            [
              121.4297014,
              24.9391394
            ],
            [
              121.4295687,
              24.9391236
            ],
            [
              121.4294909,
              24.9391272
            ],
            [
              121.429342,
              24.9391029
            ],
            [
              121.4292012,
              24.9390835
            ],
            [
              121.4290215,
              24.9390458
            ],
            [
              121.428933,
              24.939019
            ],
            [
              121.42887,
              24.9389874
            ],
            [
              121.4287882,
              24.9389521
            ],
            [
              121.428597,
              24.9388865
            ],
            [
              121.4284388,
              24.938881
            ],
            [
              121.4283697,
              24.9389509
            ],
            [
              121.4283389,
              24.9390111
            ],
            [
              121.4283027,
              24.9390519
            ],
            [
              121.4282414,
              24.9390745
            ],
            [
              121.4281503,
              24.9390742
            ],
            [
              121.4280584,
              24.9390634
            ],
            [
              121.4279947,
              24.9390427
            ],
            [
              121.427935,
              24.9390336
            ],
            [
              121.4278458,
              24.9390322
            ],
            [
              121.4277177,
              24.939034
            ],
            [
              121.4273825,
              24.939056
            ],
            [
              121.4273202,
              24.9390615
            ],
            [
              121.4271652,
              24.9390742
            ],
            [
              121.4268635,
              24.9390766
            ],
            [
              121.4267219,
              24.9390446
            ],
            [
              121.4266454,
              24.9390182
            ],
            [
              121.4265954,
              24.9389874
            ],
            [
              121.4265203,
              24.9389485
            ],
            [
              121.426346,
              24.9388317
            ],
            [
              121.4261502,
              24.9386931
            ],
            [
              121.4260803,
              24.9386541
            ],
            [
              121.4260201,
              24.938608
            ],
            [
              121.4259206,
              24.938557
            ],
            [
              121.4258309,
              24.9385246
            ],
            [
              121.4257779,
              24.9384947
            ],
            [
              121.4256036,
              24.9384437
            ],
            [
              121.4254165,
              24.9384102
            ],
            [
              121.4252597,
              24.9383855
            ],
            [
              121.4251752,
              24.9383806
            ],
            [
              121.4251055,
              24.9383818
            ],
            [
              121.4249445,
              24.9384037
            ],
            [
              121.4248373,
              24.9384292
            ],
            [
              121.4247734,
              24.9384516
            ],
            [
              121.4246916,
              24.9384534
            ],
            [
              121.4246747,
              24.9384608
            ],
            [
              121.4245776,
              24.938465
            ],
            [
              121.4244845,
              24.9384589
            ],
            [
              121.4243799,
              24.9384626
            ],
            [
              121.4243497,
              24.9384558
            ],
            [
              121.4241835,
              24.9384425
            ],
            [
              121.4237878,
              24.9383963
            ],
            [
              121.4236658,
              24.9383616
            ],
            [
              121.4234512,
              24.9383385
            ],
            [
              121.4233808,
              24.9383227
            ],
            [
              121.4232386,
              24.9383227
            ],
            [
              121.423187,
              24.938333
            ],
            [
              121.4230389,
              24.9383786
            ],
            [
              121.4228752,
              24.9383818
            ],
            [
              121.4228323,
              24.9383806
            ],
            [
              121.422668,
              24.9383342
            ],
            [
              121.422542,
              24.9382942
            ],
            [
              121.4224581,
              24.938279
            ],
            [
              121.4223361,
              24.9382651
            ],
            [
              121.4222549,
              24.9382613
            ],
            [
              121.4221282,
              24.9382742
            ],
            [
              121.4220404,
              24.9382997
            ],
            [
              121.4218647,
              24.9383125
            ],
            [
              121.4217394,
              24.9383282
            ],
            [
              121.4216729,
              24.9383429
            ],
            [
              121.4215576,
              24.9383453
            ],
            [
              121.4214537,
              24.9383392
            ],
            [
              121.4214,
              24.9383538
            ],
            [
              121.4212874,
              24.9383538
            ],
            [
              121.4211237,
              24.9383392
            ],
            [
              121.4209806,
              24.9383833
            ],
            [
              121.4204371,
              24.9385776
            ],
            [
              121.4203083,
              24.9386457
            ],
            [
              121.4199436,
              24.9387819
            ],
            [
              121.4196485,
              24.9387746
            ],
            [
              121.4195949,
              24.9387454
            ],
            [
              121.4194983,
              24.9387138
            ],
            [
              121.4194339,
              24.9386603
            ],
            [
              121.4189056,
              24.9383271
            ],
            [
              121.41875,
              24.9381009
            ],
            [
              121.4186802,
              24.9379914
            ],
            [
              121.4185482,
              24.9378034
            ],
            [
              121.4184825,
              24.9377682
            ],
            [
              121.418337,
              24.9377087
            ],
            [
              121.4180561,
              24.9376272
            ],
            [
              121.4178757,
              24.9375682
            ],
            [
              121.4176804,
              24.9375421
            ],
            [
              121.4175094,
              24.9375478
            ],
            [
              121.4172547,
              24.9377196
            ],
            [
              121.4171615,
              24.9377836
            ],
            [
              121.4170843,
              24.9378175
            ],
            [
              121.4169475,
              24.937899
            ],
            [
              121.4168322,
              24.9379428
            ],
            [
              121.4166981,
              24.9380267
            ],
            [
              121.4166149,
              24.9381422
            ],
            [
              121.4165667,
              24.9381872
            ],
            [
              121.4165331,
              24.938242
            ],
            [
              121.4164969,
              24.9382833
            ],
            [
              121.4164138,
              24.9384304
            ],
            [
              121.4163494,
              24.9385168
            ],
            [
              121.4162971,
              24.9385958
            ],
            [
              121.4162756,
              24.9386518
            ],
            [
              121.4161752,
              24.9388
            ],
            [
              121.4160946,
              24.9388792
            ],
            [
              121.4159659,
              24.938985
            ],
            [
              121.4159109,
              24.9390178
            ],
            [
              121.4158022,
              24.9390701
            ],
            [
              121.4157392,
              24.9390932
            ],
            [
              121.4155461,
              24.939182
            ],
            [
              121.4152926,
              24.9393145
            ],
            [
              121.4150982,
              24.9393972
            ],
            [
              121.4150577,
              24.9394285
            ],
            [
              121.414834,
              24.939469
            ],
            [
              121.4146672,
              24.9394506
            ],
            [
              121.414651,
              24.9394822
            ],
            [
              121.4146596,
              24.9395225
            ],
            [
              121.4147119,
              24.9395626
            ],
            [
              121.4147414,
              24.9396076
            ],
            [
              121.4147315,
              24.9397011
            ],
            [
              121.4146651,
              24.9398835
            ],
            [
              121.4145751,
              24.9400551
            ],
            [
              121.4145134,
              24.9401451
            ],
            [
              121.4145067,
              24.9401706
            ],
            [
              121.4144459,
              24.9402483
            ],
            [
              121.4144075,
              24.9403311
            ],
            [
              121.4143847,
              24.9403786
            ],
            [
              121.4143552,
              24.9405415
            ],
            [
              121.414327,
              24.9406692
            ],
            [
              121.4143203,
              24.9407227
            ],
            [
              121.4143029,
              24.9407969
            ],
            [
              121.4142962,
              24.9408443
            ],
            [
              121.4142761,
              24.9408723
            ],
            [
              121.4142581,
              24.9409238
            ],
            [
              121.4141822,
              24.9410255
            ],
            [
              121.4141446,
              24.9410608
            ],
            [
              121.4141086,
              24.9411214
            ],
            [
              121.4140481,
              24.9411593
            ],
            [
              121.4139783,
              24.9412103
            ],
            [
              121.4139059,
              24.9412432
            ],
            [
              121.4137933,
              24.9413137
            ],
            [
              121.4136927,
              24.941366
            ],
            [
              121.4135393,
              24.9414752
            ],
            [
              121.4133842,
              24.9414937
            ],
            [
              121.4131953,
              24.9415148
            ],
            [
              121.4131308,
              24.9414912
            ],
            [
              121.4129765,
              24.941411
            ],
            [
              121.4128535,
              24.9413646
            ],
            [
              121.4127552,
              24.9413526
            ],
            [
              121.4126641,
              24.9413538
            ],
            [
              121.4125822,
              24.9413526
            ],
            [
              121.4125098,
              24.9413623
            ],
            [
              121.4124508,
              24.9413636
            ],
            [
              121.4123221,
              24.9413623
            ],
            [
              121.4122483,
              24.9413733
            ],
            [
              121.4121088,
              24.9413733
            ],
            [
              121.4115979,
              24.9413599
            ],
            [
              121.4114262,
              24.9413465
            ],
            [
              121.411339,
              24.9413423
            ],
            [
              121.4112559,
              24.9413496
            ],
            [
              121.4111245,
              24.9413429
            ],
            [
              121.4110742,
              24.9413423
            ],
            [
              121.4110299,
              24.9413484
            ],
            [
              121.4108174,
              24.9413496
            ],
            [
              121.4106598,
              24.9413587
            ],
            [
              121.4105666,
              24.9413599
            ],
            [
              121.4103097,
              24.9413781
            ],
            [
              121.4102333,
              24.9413733
            ],
            [
              121.4100804,
              24.9413897
            ],
            [
              121.4100254,
              24.9414061
            ],
            [
              121.4097901,
              24.9415539
            ],
            [
              121.4096747,
              24.9415976
            ],
            [
              121.4096137,
              24.9416201
            ],
            [
              121.4095185,
              24.9416323
            ],
            [
              121.4094333,
              24.9416274
            ],
            [
              121.4092484,
              24.9416625
            ],
            [
              121.4092217,
              24.9416772
            ],
            [
              121.4092042,
              24.9418169
            ],
            [
              121.4092168,
              24.9418983
            ],
            [
              121.409222,
              24.9419372
            ],
            [
              121.4092336,
              24.9419822
            ],
            [
              121.4092566,
              24.9420396
            ],
            [
              121.409308,
              24.9421117
            ],
            [
              121.4093506,
              24.9421932
            ],
            [
              121.4093776,
              24.9422351
            ],
            [
              121.4094094,
              24.9422816
            ],
            [
              121.409448,
              24.9423376
            ],
            [
              121.4094826,
              24.9423865
            ],
            [
              121.4095198,
              24.9424299
            ],
            [
              121.4095542,
              24.9424891
            ],
            [
              121.4095963,
              24.9425517
            ],
            [
              121.4096222,
              24.9426051
            ],
            [
              121.4096512,
              24.942668
            ],
            [
              121.4097035,
              24.9428546
            ],
            [
              121.4097248,
              24.9429238
            ],
            [
              121.4097297,
              24.9429831
            ],
            [
              121.4097693,
              24.9431584
            ],
            [
              121.4097768,
              24.9432831
            ],
            [
              121.4097743,
              24.9433589
            ],
            [
              121.4097608,
              24.943439
            ],
            [
              121.4097515,
              24.9434885
            ],
            [
              121.4097337,
              24.9436171
            ],
            [
              121.4097171,
              24.9436686
            ],
            [
              121.4096897,
              24.943761
            ],
            [
              121.4096849,
              24.9438077
            ],
            [
              121.4096662,
              24.9438595
            ],
            [
              121.4096461,
              24.9439164
            ],
            [
              121.4096041,
              24.944011
            ],
            [
              121.4095722,
              24.9440801
            ],
            [
              121.4095401,
              24.9441406
            ],
            [
              121.4095105,
              24.9442004
            ],
            [
              121.4094985,
              24.9442385
            ],
            [
              121.409478,
              24.9443005
            ],
            [
              121.4094537,
              24.9443467
            ],
            [
              121.409342,
              24.9445205
            ],
            [
              121.4092976,
              24.9445619
            ],
            [
              121.4091775,
              24.9446762
            ],
            [
              121.409148,
              24.944734
            ],
            [
              121.4091309,
              24.9447581
            ],
            [
              121.4091283,
              24.9448509
            ],
            [
              121.4091307,
              24.9449002
            ],
            [
              121.4091609,
              24.9450164
            ],
            [
              121.4091834,
              24.9450635
            ],
            [
              121.409244,
              24.9452133
            ],
            [
              121.4092577,
              24.9452441
            ],
            [
              121.4092955,
              24.9453131
            ],
            [
              121.4093329,
              24.9453679
            ],
            [
              121.4093509,
              24.9454104
            ],
            [
              121.4093733,
              24.9454449
            ],
            [
              121.4094207,
              24.945552
            ],
            [
              121.4094027,
              24.9456054
            ],
            [
              121.4093571,
              24.9456748
            ],
            [
              121.4092291,
              24.9457544
            ],
            [
              121.4090976,
              24.9458146
            ],
            [
              121.4088992,
              24.9459683
            ],
            [
              121.4088455,
              24.9460225
            ],
            [
              121.4088133,
              24.9460821
            ],
            [
              121.4087737,
              24.9462036
            ],
            [
              121.4087577,
              24.9462961
            ],
            [
              121.4087509,
              24.9463568
            ],
            [
              121.4087516,
              24.9464991
            ],
            [
              121.4087536,
              24.9466153
            ],
            [
              121.408755,
              24.9467673
            ],
            [
              121.4087657,
              24.9468329
            ],
            [
              121.4087708,
              24.9468781
            ],
            [
              121.4087898,
              24.9469351
            ],
            [
              121.4088589,
              24.9471405
            ],
            [
              121.4088352,
              24.9472071
            ],
            [
              121.4087876,
              24.9473031
            ],
            [
              121.4087467,
              24.9473542
            ],
            [
              121.4087225,
              24.947412
            ],
            [
              121.4086515,
              24.9475153
            ],
            [
              121.4086005,
              24.9475931
            ],
            [
              121.408577,
              24.9476424
            ],
            [
              121.4085643,
              24.9477099
            ],
            [
              121.4085723,
              24.9478205
            ],
            [
              121.4085737,
              24.947902
            ],
            [
              121.4085898,
              24.9479822
            ],
            [
              121.4085951,
              24.9480637
            ],
            [
              121.4085992,
              24.9481768
            ],
            [
              121.4085914,
              24.9482227
            ],
            [
              121.4085817,
              24.9483507
            ],
            [
              121.4085777,
              24.9484358
            ],
            [
              121.4085858,
              24.9485294
            ],
            [
              121.4085858,
              24.9486656
            ],
            [
              121.4086072,
              24.948859
            ],
            [
              121.4085981,
              24.9490004
            ],
            [
              121.408575,
              24.9491228
            ],
            [
              121.4085361,
              24.9492359
            ],
            [
              121.4084811,
              24.9495168
            ],
            [
              121.4084691,
              24.9496128
            ],
            [
              121.40847,
              24.9497127
            ],
            [
              121.4084637,
              24.9498281
            ],
            [
              121.4084811,
              24.9498974
            ],
            [
              121.4084986,
              24.9500056
            ],
            [
              121.4085402,
              24.9501175
            ],
            [
              121.4085994,
              24.9502822
            ],
            [
              121.4086997,
              24.9505406
            ],
            [
              121.4088094,
              24.9508948
            ],
            [
              121.4088097,
              24.9509881
            ],
            [
              121.4087684,
              24.9511282
            ],
            [
              121.4086826,
              24.9512668
            ],
            [
              121.4084932,
              24.9514416
            ],
            [
              121.408236,
              24.9516692
            ],
            [
              121.4080305,
              24.9518198
            ],
            [
              121.4077743,
              24.9519862
            ],
            [
              121.4075637,
              24.9521421
            ],
            [
              121.4071491,
              24.9517616
            ],
            [
              121.4067663,
              24.9515488
            ],
            [
              121.4052548,
              24.9503914
            ],
            [
              121.4026224,
              24.9482046
            ],
            [
              121.4018407,
              24.9466159
            ],
            [
              121.401787,
              24.9458737
            ],
            [
              121.4003903,
              24.9442844
            ],
            [
              121.3995246,
              24.9437742
            ],
            [
              121.3977652,
              24.9429078
            ],
            [
              121.3973287,
              24.9425567
            ],
            [
              121.3967718,
              24.9431354
            ],
            [
              121.3958358,
              24.9445437
            ],
            [
              121.395863,
              24.9447408
            ],
            [
              121.3961288,
              24.9449601
            ],
            [
              121.3962948,
              24.9451902
            ],
            [
              121.3967386,
              24.9456172
            ],
            [
              121.3961472,
              24.9461001
            ],
            [
              121.3961511,
              24.9463498
            ],
            [
              121.3948016,
              24.9463534
            ],
            [
              121.3940587,
              24.9459139
            ],
            [
              121.3937019,
              24.9456636
            ],
            [
              121.3939648,
              24.945385
            ],
            [
              121.3935517,
              24.9450978
            ],
            [
              121.3923355,
              24.9449335
            ],
            [
              121.3917555,
              24.9451071
            ],
            [
              121.3909649,
              24.9450808
            ],
            [
              121.3905422,
              24.945259
            ],
            [
              121.390057,
              24.9451483
            ],
            [
              121.3893761,
              24.9451274
            ],
            [
              121.3886934,
              24.9447584
            ],
            [
              121.388071,
              24.9445382
            ],
            [
              121.3877138,
              24.9446301
            ],
            [
              121.386956,
              24.9443069
            ],
            [
              121.3860929,
              24.9440325
            ],
            [
              121.3850669,
              24.9437576
            ],
            [
              121.3836948,
              24.9437
            ],
            [
              121.383413,
              24.94379
            ],
            [
              121.3828853,
              24.9441905
            ],
            [
              121.382801,
              24.9441326
            ],
            [
              121.3825421,
              24.9441177
            ],
            [
              121.3813962,
              24.9441526
            ],
            [
              121.3811318,
              24.9441277
            ],
            [
              121.3807241,
              24.9439728
            ],
            [
              121.3801291,
              24.9436831
            ],
            [
              121.3796609,
              24.9435482
            ],
            [
              121.379132,
              24.9434883
            ],
            [
              121.3780223,
              24.94558
            ],
            [
              121.3760919,
              24.9496398
            ],
            [
              121.3760591,
              24.9496979
            ],
            [
              121.3751331,
              24.9493744
            ],
            [
              121.3751761,
              24.9492853
            ],
            [
              121.3737456,
              24.9487222
            ],
            [
              121.3737909,
              24.948646
            ],
            [
              121.3737325,
              24.9486141
            ],
            [
              121.372847,
              24.9481905
            ],
            [
              121.372679,
              24.9481517
            ],
            [
              121.3724895,
              24.94806
            ],
            [
              121.3719972,
              24.9478219
            ],
            [
              121.3718979,
              24.9477581
            ],
            [
              121.3717843,
              24.947684
            ],
            [
              121.3716349,
              24.9475736
            ],
            [
              121.3715017,
              24.9474815
            ],
            [
              121.3714291,
              24.9474256
            ],
            [
              121.3714051,
              24.9474071
            ],
            [
              121.3713556,
              24.9473696
            ],
            [
              121.3712978,
              24.9473271
            ],
            [
              121.3709775,
              24.9470948
            ],
            [
              121.370861,
              24.9470103
            ],
            [
              121.3706765,
              24.9468736
            ],
            [
              121.3706346,
              24.9468547
            ],
            [
              121.3704993,
              24.9467939
            ],
            [
              121.3702185,
              24.9466605
            ],
            [
              121.3701705,
              24.946646
            ],
            [
              121.3698273,
              24.9465647
            ],
            [
              121.3697709,
              24.946566
            ],
            [
              121.3696663,
              24.9465676
            ],
            [
              121.3694811,
              24.9465731
            ],
            [
              121.3694078,
              24.9466075
            ],
            [
              121.3693009,
              24.9466374
            ],
            [
              121.3691889,
              24.9466687
            ],
            [
              121.3691272,
              24.946686
            ],
            [
              121.3686483,
              24.9469368
            ],
            [
              121.3679263,
              24.947196
            ],
            [
              121.3675997,
              24.9471961
            ],
            [
              121.3671459,
              24.9470887
            ],
            [
              121.3663561,
              24.94715
            ],
            [
              121.3656926,
              24.9473071
            ],
            [
              121.3653786,
              24.9473321
            ],
            [
              121.3652064,
              24.9473082
            ],
            [
              121.3646581,
              24.9466588
            ],
            [
              121.3645628,
              24.9464994
            ],
            [
              121.3644487,
              24.9463188
            ],
            [
              121.3642678,
              24.9460848
            ],
            [
              121.3640212,
              24.9459513
            ],
            [
              121.3633302,
              24.9456281
            ],
            [
              121.3630593,
              24.945453
            ],
            [
              121.3626718,
              24.9453461
            ],
            [
              121.3625409,
              24.9452737
            ],
            [
              121.3622829,
              24.9450352
            ],
            [
              121.3621012,
              24.945007
            ],
            [
              121.361943,
              24.9450565
            ],
            [
              121.3617286,
              24.9451799
            ],
            [
              121.3616407,
              24.9452803
            ],
            [
              121.3615297,
              24.9454045
            ],
            [
              121.361409,
              24.9455483
            ],
            [
              121.3613655,
              24.9454688
            ],
            [
              121.3613655,
              24.9454214
            ],
            [
              121.3613708,
              24.9453533
            ],
            [
              121.3612461,
              24.9452974
            ],
            [
              121.3610597,
              24.9451733
            ],
            [
              121.3608961,
              24.945059
            ],
            [
              121.3608223,
              24.9450092
            ],
            [
              121.3606694,
              24.9449058
            ],
            [
              121.3605876,
              24.9448401
            ],
            [
              121.360475,
              24.9447343
            ],
            [
              121.3603476,
              24.9446006
            ],
            [
              121.3602188,
              24.9444437
            ],
            [
              121.3601518,
              24.9443562
            ],
            [
              121.3600418,
              24.9441981
            ],
            [
              121.3599586,
              24.9441032
            ],
            [
              121.3598795,
              24.9439622
            ],
            [
              121.3597266,
              24.9437214
            ],
            [
              121.3596316,
              24.9435382
            ],
            [
              121.3595942,
              24.9434375
            ],
            [
              121.3594839,
              24.9431912
            ],
            [
              121.3593954,
              24.9429675
            ],
            [
              121.3593847,
              24.9428775
            ],
            [
              121.359327,
              24.9426513
            ],
            [
              121.3593163,
              24.9425565
            ],
            [
              121.3592881,
              24.9424519
            ],
            [
              121.3592787,
              24.9423972
            ],
            [
              121.3592479,
              24.9423206
            ],
            [
              121.3590936,
              24.9421673
            ],
            [
              121.3590172,
              24.9421248
            ],
            [
              121.3588777,
              24.9420591
            ],
            [
              121.3587517,
              24.9420044
            ],
            [
              121.3586792,
              24.9419704
            ],
            [
              121.3585746,
              24.9419132
            ],
            [
              121.3584311,
              24.9418402
            ],
            [
              121.3583292,
              24.9417807
            ],
            [
              121.3582273,
              24.9417405
            ],
            [
              121.3580972,
              24.9416676
            ],
            [
              121.358002,
              24.9416031
            ],
            [
              121.3578223,
              24.941507
            ],
            [
              121.3577686,
              24.9414621
            ],
            [
              121.3575583,
              24.9413522
            ],
            [
              121.3575473,
              24.9413465
            ],
            [
              121.3574186,
              24.9412882
            ],
            [
              121.3571895,
              24.9411571
            ],
            [
              121.3569935,
              24.9410291
            ],
            [
              121.3568977,
              24.9409799
            ],
            [
              121.3567911,
              24.9409251
            ],
            [
              121.3566648,
              24.9408526
            ],
            [
              121.3565193,
              24.9407789
            ],
            [
              121.3564618,
              24.9407446
            ],
            [
              121.3563569,
              24.9406844
            ],
            [
              121.3562693,
              24.9406381
            ],
            [
              121.3542415,
              24.9395514
            ],
            [
              121.3515256,
              24.9380543
            ],
            [
              121.3499286,
              24.937142
            ],
            [
              121.3487045,
              24.9365875
            ],
            [
              121.3484878,
              24.9364535
            ],
            [
              121.3482732,
              24.9362823
            ],
            [
              121.347688,
              24.935585
            ],
            [
              121.3468757,
              24.9344348
            ],
            [
              121.3466071,
              24.9341001
            ],
            [
              121.3463441,
              24.9337878
            ],
            [
              121.346174,
              24.9336034
            ],
            [
              121.3460838,
              24.9335133
            ],
            [
              121.3459796,
              24.933422
            ],
            [
              121.3456719,
              24.9330549
            ],
            [
              121.3453364,
              24.9326839
            ],
            [
              121.3451353,
              24.9324735
            ],
            [
              121.3450101,
              24.9323474
            ],
            [
              121.3445195,
              24.9318598
            ],
            [
              121.3443173,
              24.9316577
            ],
            [
              121.3442162,
              24.9315514
            ],
            [
              121.3439473,
              24.931318
            ],
            [
              121.3436741,
              24.9310917
            ],
            [
              121.3433808,
              24.9308627
            ],
            [
              121.3430109,
              24.9306074
            ],
            [
              121.3427742,
              24.930461
            ],
            [
              121.3425144,
              24.9302969
            ],
            [
              121.3415399,
              24.9296144
            ],
            [
              121.3413103,
              24.9294597
            ],
            [
              121.3410863,
              24.9292998
            ],
            [
              121.3405664,
              24.9289313
            ],
            [
              121.3403687,
              24.9287923
            ],
            [
              121.3402929,
              24.9287423
            ],
            [
              121.340047,
              24.9286319
            ],
            [
              121.3397764,
              24.9285055
            ],
            [
              121.3379845,
              24.9267721
            ],
            [
              121.3366013,
              24.9258306
            ],
            [
              121.3353235,
              24.9250707
            ],
            [
              121.3348712,
              24.9248676
            ],
            [
              121.3342548,
              24.9248164
            ],
            [
              121.3329855,
              24.9247621
            ],
            [
              121.3317237,
              24.9248958
            ],
            [
              121.329971,
              24.9250054
            ],
            [
              121.3270622,
              24.924584
            ],
            [
              121.3260683,
              24.9238882
            ],
            [
              121.3247171,
              24.9234519
            ],
            [
              121.321642,
              24.9205788
            ],
            [
              121.3199705,
              24.918567
            ],
            [
              121.3175362,
              24.9163593
            ]
          ]
        ]
      },
      "properties": {
        "name": "新北市三峽區",
        "display_name": "三峽區, 北大特區, 新北市, 臺灣",
        "osm_id": 2858710,
        "osm_type": "relation",
        "source": "OSM Nominatim"
      }
    },
    {
      "type": "Feature",
      "geometry": {
        "type": "Polygon",
        "coordinates": [
          [
            [
              121.361409,
              24.9455483
            ],
            [
              121.3615297,
              24.9454045
            ],
            [
              121.3616407,
              24.9452803
            ],
            [
              121.3617286,
              24.9451799
            ],
            [
              121.361943,
              24.9450565
            ],
            [
              121.3621012,
              24.945007
            ],
            [
              121.3622829,
              24.9450352
            ],
            [
              121.3625409,
              24.9452737
            ],
            [
              121.3626718,
              24.9453461
            ],
            [
              121.3630593,
              24.945453
            ],
            [
              121.3633302,
              24.9456281
            ],
            [
              121.3640212,
              24.9459513
            ],
            [
              121.3642678,
              24.9460848
            ],
            [
              121.3644487,
              24.9463188
            ],
            [
              121.3645628,
              24.9464994
            ],
            [
              121.3646581,
              24.9466588
            ],
            [
              121.3652064,
              24.9473082
            ],
            [
              121.3653786,
              24.9473321
            ],
            [
              121.3656926,
              24.9473071
            ],
            [
              121.3663561,
              24.94715
            ],
            [
              121.3671459,
              24.9470887
            ],
            [
              121.3675997,
              24.9471961
            ],
            [
              121.3679263,
              24.947196
            ],
            [
              121.3686483,
              24.9469368
            ],
            [
              121.3691272,
              24.946686
            ],
            [
              121.3691889,
              24.9466687
            ],
            [
              121.3693009,
              24.9466374
            ],
            [
              121.3694078,
              24.9466075
            ],
            [
              121.3694811,
              24.9465731
            ],
            [
              121.3696663,
              24.9465676
            ],
            [
              121.3697709,
              24.946566
            ],
            [
              121.3698273,
              24.9465647
            ],
            [
              121.3701705,
              24.946646
            ],
            [
              121.3702185,
              24.9466605
            ],
            [
              121.3704993,
              24.9467939
            ],
            [
              121.3706346,
              24.9468547
            ],
            [
              121.3706765,
              24.9468736
            ],
            [
              121.370861,
              24.9470103
            ],
            [
              121.3709775,
              24.9470948
            ],
            [
              121.3712978,
              24.9473271
            ],
            [
              121.3713556,
              24.9473696
            ],
            [
              121.3714051,
              24.9474071
            ],
            [
              121.3714291,
              24.9474256
            ],
            [
              121.3715017,
              24.9474815
            ],
            [
              121.3716349,
              24.9475736
            ],
            [
              121.3717843,
              24.947684
            ],
            [
              121.3718979,
              24.9477581
            ],
            [
              121.3719972,
              24.9478219
            ],
            [
              121.3724895,
              24.94806
            ],
            [
              121.372679,
              24.9481517
            ],
            [
              121.372847,
              24.9481905
            ],
            [
              121.3737325,
              24.9486141
            ],
            [
              121.3737909,
              24.948646
            ],
            [
              121.3737456,
              24.9487222
            ],
            [
              121.3751761,
              24.9492853
            ],
            [
              121.3751331,
              24.9493744
            ],
            [
              121.3760591,
              24.9496979
            ],
            [
              121.3760919,
              24.9496398
            ],
            [
              121.3780223,
              24.94558
            ],
            [
              121.379132,
              24.9434883
            ],
            [
              121.3796609,
              24.9435482
            ],
            [
              121.3801291,
              24.9436831
            ],
            [
              121.3807241,
              24.9439728
            ],
            [
              121.3811318,
              24.9441277
            ],
            [
              121.3813962,
              24.9441526
            ],
            [
              121.3825421,
              24.9441177
            ],
            [
              121.382801,
              24.9441326
            ],
            [
              121.3828853,
              24.9441905
            ],
            [
              121.383413,
              24.94379
            ],
            [
              121.3836948,
              24.9437
            ],
            [
              121.3850669,
              24.9437576
            ],
            [
              121.3860929,
              24.9440325
            ],
            [
              121.386956,
              24.9443069
            ],
            [
              121.3877138,
              24.9446301
            ],
            [
              121.388071,
              24.9445382
            ],
            [
              121.3886934,
              24.9447584
            ],
            [
              121.3893761,
              24.9451274
            ],
            [
              121.390057,
              24.9451483
            ],
            [
              121.3905422,
              24.945259
            ],
            [
              121.3909649,
              24.9450808
            ],
            [
              121.3917555,
              24.9451071
            ],
            [
              121.3923355,
              24.9449335
            ],
            [
              121.3935517,
              24.9450978
            ],
            [
              121.3939648,
              24.945385
            ],
            [
              121.3937019,
              24.9456636
            ],
            [
              121.3940587,
              24.9459139
            ],
            [
              121.3948016,
              24.9463534
            ],
            [
              121.3961511,
              24.9463498
            ],
            [
              121.3961472,
              24.9461001
            ],
            [
              121.3967386,
              24.9456172
            ],
            [
              121.3962948,
              24.9451902
            ],
            [
              121.3961288,
              24.9449601
            ],
            [
              121.395863,
              24.9447408
            ],
            [
              121.3958358,
              24.9445437
            ],
            [
              121.3967718,
              24.9431354
            ],
            [
              121.3973287,
              24.9425567
            ],
            [
              121.3977652,
              24.9429078
            ],
            [
              121.3995246,
              24.9437742
            ],
            [
              121.4003903,
              24.9442844
            ],
            [
              121.401787,
              24.9458737
            ],
            [
              121.4018407,
              24.9466159
            ],
            [
              121.4026224,
              24.9482046
            ],
            [
              121.4052548,
              24.9503914
            ],
            [
              121.4067663,
              24.9515488
            ],
            [
              121.4071491,
              24.9517616
            ],
            [
              121.4075637,
              24.9521421
            ],
            [
              121.4080183,
              24.952592
            ],
            [
              121.4082099,
              24.9527184
            ],
            [
              121.4085779,
              24.9528673
            ],
            [
              121.4088196,
              24.9530192
            ],
            [
              121.4091333,
              24.9533059
            ],
            [
              121.4097848,
              24.9539733
            ],
            [
              121.4098929,
              24.9541382
            ],
            [
              121.4099607,
              24.9545111
            ],
            [
              121.4101142,
              24.9549315
            ],
            [
              121.4105546,
              24.9562132
            ],
            [
              121.4105165,
              24.9564726
            ],
            [
              121.4102952,
              24.9568009
            ],
            [
              121.4102349,
              24.9577493
            ],
            [
              121.410255,
              24.95857
            ],
            [
              121.4102873,
              24.9587312
            ],
            [
              121.4103329,
              24.9589631
            ],
            [
              121.4103618,
              24.9591363
            ],
            [
              121.4103574,
              24.9592496
            ],
            [
              121.4103369,
              24.9593397
            ],
            [
              121.4102344,
              24.959634
            ],
            [
              121.4101142,
              24.9600381
            ],
            [
              121.4099238,
              24.9612749
            ],
            [
              121.4100132,
              24.9626195
            ],
            [
              121.4103327,
              24.963357
            ],
            [
              121.4106607,
              24.9638738
            ],
            [
              121.4107452,
              24.964081
            ],
            [
              121.4106528,
              24.9642344
            ],
            [
              121.410396,
              24.9643087
            ],
            [
              121.4102408,
              24.9645096
            ],
            [
              121.4103114,
              24.9648745
            ],
            [
              121.4105167,
              24.965064
            ],
            [
              121.4109473,
              24.9651143
            ],
            [
              121.4118625,
              24.965196
            ],
            [
              121.4125766,
              24.9658832
            ],
            [
              121.4131339,
              24.9662189
            ],
            [
              121.4141191,
              24.966434
            ],
            [
              121.4160761,
              24.9668737
            ],
            [
              121.4169177,
              24.967237
            ],
            [
              121.4183174,
              24.9676245
            ],
            [
              121.4197922,
              24.967671
            ],
            [
              121.4210628,
              24.9681484
            ],
            [
              121.4230085,
              24.9688836
            ],
            [
              121.4243913,
              24.9699615
            ],
            [
              121.4245115,
              24.9704701
            ],
            [
              121.4254733,
              24.9713238
            ],
            [
              121.4266554,
              24.9717597
            ],
            [
              121.4271564,
              24.9717961
            ],
            [
              121.4278014,
              24.9715704
            ],
            [
              121.4282784,
              24.9717234
            ],
            [
              121.428796,
              24.9720883
            ],
            [
              121.4273523,
              24.9723903
            ],
            [
              121.4266915,
              24.972924
            ],
            [
              121.4268157,
              24.9738485
            ],
            [
              121.4269932,
              24.9756936
            ],
            [
              121.4270967,
              24.9781605
            ],
            [
              121.4260235,
              24.9794912
            ],
            [
              121.4259216,
              24.9801181
            ],
            [
              121.4261226,
              24.9803347
            ],
            [
              121.4263594,
              24.9804957
            ],
            [
              121.4265741,
              24.9810391
            ],
            [
              121.4266407,
              24.9812403
            ],
            [
              121.4267295,
              24.9815087
            ],
            [
              121.4266118,
              24.9819405
            ],
            [
              121.4264409,
              24.9821325
            ],
            [
              121.4265075,
              24.9824076
            ],
            [
              121.4266409,
              24.9828173
            ],
            [
              121.4265835,
              24.9840541
            ],
            [
              121.4265757,
              24.9840678
            ],
            [
              121.4265245,
              24.9841574
            ],
            [
              121.4264077,
              24.984362
            ],
            [
              121.4259638,
              24.9846542
            ],
            [
              121.4256335,
              24.9851084
            ],
            [
              121.4255396,
              24.9854066
            ],
            [
              121.4254741,
              24.9856865
            ],
            [
              121.4252919,
              24.9859652
            ],
            [
              121.4250859,
              24.9863666
            ],
            [
              121.4248136,
              24.9866258
            ],
            [
              121.424495,
              24.9870266
            ],
            [
              121.4243808,
              24.9872864
            ],
            [
              121.4244947,
              24.9877922
            ],
            [
              121.4245763,
              24.9884533
            ],
            [
              121.425095,
              24.9894613
            ],
            [
              121.4254058,
              24.9898463
            ],
            [
              121.4260019,
              24.9903799
            ],
            [
              121.4268521,
              24.9910127
            ],
            [
              121.4272962,
              24.9913224
            ],
            [
              121.4278315,
              24.9918357
            ],
            [
              121.4273355,
              24.9921063
            ],
            [
              121.4274515,
              24.9922613
            ],
            [
              121.4273904,
              24.9923111
            ],
            [
              121.4274576,
              24.9924217
            ],
            [
              121.4275858,
              24.9923664
            ],
            [
              121.4276957,
              24.9923885
            ],
            [
              121.4278727,
              24.9927925
            ],
            [
              121.4279719,
              24.9929647
            ],
            [
              121.4280154,
              24.9930177
            ],
            [
              121.4286893,
              24.9926106
            ],
            [
              121.4287473,
              24.9927738
            ],
            [
              121.4287206,
              24.9931635
            ],
            [
              121.428711,
              24.9934558
            ],
            [
              121.4288434,
              24.9937147
            ],
            [
              121.4292292,
              24.9938699
            ],
            [
              121.4295819,
              24.994418
            ],
            [
              121.4300587,
              24.9952225
            ],
            [
              121.4298574,
              24.9952316
            ],
            [
              121.4296513,
              24.9953967
            ],
            [
              121.4296653,
              24.9957387
            ],
            [
              121.4295125,
              24.9958411
            ],
            [
              121.429714,
              24.996138
            ],
            [
              121.429855,
              24.9962514
            ],
            [
              121.4296947,
              24.9963402
            ],
            [
              121.4302436,
              24.9969794
            ],
            [
              121.430372,
              24.9969261
            ],
            [
              121.4304134,
              24.9980375
            ],
            [
              121.4310243,
              24.9999129
            ],
            [
              121.4311189,
              25.0004124
            ],
            [
              121.4313499,
              25.0009383
            ],
            [
              121.4310255,
              25.0011319
            ],
            [
              121.4311449,
              25.0013834
            ],
            [
              121.4312854,
              25.0016771
            ],
            [
              121.4312811,
              25.0020261
            ],
            [
              121.4314056,
              25.0024432
            ],
            [
              121.4315598,
              25.0026502
            ],
            [
              121.4315724,
              25.0029014
            ],
            [
              121.4319575,
              25.0032143
            ],
            [
              121.4321267,
              25.0034723
            ],
            [
              121.4319,
              25.0037463
            ],
            [
              121.4316428,
              25.0038443
            ],
            [
              121.4312746,
              25.0044211
            ],
            [
              121.4308519,
              25.0048589
            ],
            [
              121.4306696,
              25.005056
            ],
            [
              121.4304586,
              25.0052899
            ],
            [
              121.4300504,
              25.0054651
            ],
            [
              121.4300608,
              25.0056442
            ],
            [
              121.4301568,
              25.005781
            ],
            [
              121.4300721,
              25.0059123
            ],
            [
              121.4299997,
              25.006035
            ],
            [
              121.4299991,
              25.0061913
            ],
            [
              121.429903,
              25.0063467
            ],
            [
              121.4296451,
              25.0064491
            ],
            [
              121.429663,
              25.0065456
            ],
            [
              121.4298002,
              25.0066675
            ],
            [
              121.4298962,
              25.0068626
            ],
            [
              121.4298545,
              25.0070279
            ],
            [
              121.4297782,
              25.0069876
            ],
            [
              121.4297123,
              25.006985
            ],
            [
              121.4295813,
              25.0070993
            ],
            [
              121.4294572,
              25.0071672
            ],
            [
              121.4293337,
              25.007161
            ],
            [
              121.4292034,
              25.007248
            ],
            [
              121.4291211,
              25.0073972
            ],
            [
              121.4291897,
              25.0074594
            ],
            [
              121.4293337,
              25.0075029
            ],
            [
              121.429304,
              25.0076548
            ],
            [
              121.4291254,
              25.0077806
            ],
            [
              121.4290139,
              25.0079256
            ],
            [
              121.4289945,
              25.0080619
            ],
            [
              121.4290527,
              25.0081278
            ],
            [
              121.4291448,
              25.0082421
            ],
            [
              121.4291303,
              25.0083036
            ],
            [
              121.4290575,
              25.0082993
            ],
            [
              121.4289605,
              25.0082069
            ],
            [
              121.4288489,
              25.0081938
            ],
            [
              121.4287568,
              25.0082817
            ],
            [
              121.4285676,
              25.0083256
            ],
            [
              121.4282233,
              25.0084839
            ],
            [
              121.4280816,
              25.0085641
            ],
            [
              121.4280544,
              25.0087873
            ],
            [
              121.4279865,
              25.008795
            ],
            [
              121.4279274,
              25.0087256
            ],
            [
              121.4278595,
              25.0085586
            ],
            [
              121.4277479,
              25.0085102
            ],
            [
              121.42752,
              25.0085278
            ],
            [
              121.4272825,
              25.0085261
            ],
            [
              121.4271853,
              25.0084883
            ],
            [
              121.4271999,
              25.0082245
            ],
            [
              121.4269962,
              25.0082026
            ],
            [
              121.4268895,
              25.0082509
            ],
            [
              121.4268604,
              25.00833
            ],
            [
              121.4268652,
              25.0084355
            ],
            [
              121.4268555,
              25.0085674
            ],
            [
              121.42666,
              25.0087344
            ],
            [
              121.4265208,
              25.0089542
            ],
            [
              121.4264723,
              25.0091608
            ],
            [
              121.4264772,
              25.0093805
            ],
            [
              121.4264587,
              25.0096179
            ],
            [
              121.4263076,
              25.0098478
            ],
            [
              121.4263509,
              25.0099202
            ],
            [
              121.4264287,
              25.0099124
            ],
            [
              121.4265451,
              25.009886
            ],
            [
              121.4266518,
              25.0098289
            ],
            [
              121.4267051,
              25.0098728
            ],
            [
              121.4264496,
              25.0102392
            ],
            [
              121.4264884,
              25.0103327
            ],
            [
              121.4265548,
              25.0103783
            ],
            [
              121.4266615,
              25.0103695
            ],
            [
              121.4268313,
              25.0102684
            ],
            [
              121.4269719,
              25.0102113
            ],
            [
              121.4270592,
              25.0102464
            ],
            [
              121.4270835,
              25.0103783
            ],
            [
              121.4270204,
              25.0105365
            ],
            [
              121.4269331,
              25.0105585
            ],
            [
              121.4268313,
              25.0105102
            ],
            [
              121.4267779,
              25.010475
            ],
            [
              121.4266954,
              25.0105585
            ],
            [
              121.4266851,
              25.0106299
            ],
            [
              121.4265936,
              25.0106376
            ],
            [
              121.426525,
              25.0106786
            ],
            [
              121.4265145,
              25.0108236
            ],
            [
              121.4264805,
              25.0111377
            ],
            [
              121.4264432,
              25.0112486
            ],
            [
              121.426263,
              25.0113731
            ],
            [
              121.4261813,
              25.0115167
            ],
            [
              121.4261522,
              25.011631
            ],
            [
              121.4262201,
              25.0117365
            ],
            [
              121.4260987,
              25.0117527
            ],
            [
              121.4258438,
              25.0118152
            ],
            [
              121.4256445,
              25.0119671
            ],
            [
              121.4254922,
              25.0120421
            ],
            [
              121.4253416,
              25.0120953
            ],
            [
              121.4252161,
              25.0121497
            ],
            [
              121.4252307,
              25.0122815
            ],
            [
              121.4253422,
              25.0124529
            ],
            [
              121.4253859,
              25.0125364
            ],
            [
              121.4253901,
              25.0126397
            ],
            [
              121.4253614,
              25.0126667
            ],
            [
              121.4252718,
              25.0126929
            ],
            [
              121.4251455,
              25.0126782
            ],
            [
              121.4250872,
              25.0127652
            ],
            [
              121.4250802,
              25.0128603
            ],
            [
              121.4250583,
              25.0129743
            ],
            [
              121.4249535,
              25.0129144
            ],
            [
              121.4248434,
              25.0128189
            ],
            [
              121.4247683,
              25.0128274
            ],
            [
              121.4247614,
              25.0129268
            ],
            [
              121.42483,
              25.0130512
            ],
            [
              121.4249491,
              25.0132627
            ],
            [
              121.4248852,
              25.0133725
            ],
            [
              121.4247996,
              25.0133976
            ],
            [
              121.4247202,
              25.0133713
            ],
            [
              121.4246906,
              25.0132707
            ],
            [
              121.4246079,
              25.0130977
            ],
            [
              121.4244912,
              25.013071
            ],
            [
              121.4243979,
              25.0131444
            ],
            [
              121.4243143,
              25.0133327
            ],
            [
              121.4242813,
              25.0134179
            ],
            [
              121.4242917,
              25.0135451
            ],
            [
              121.4241372,
              25.0140519
            ],
            [
              121.4240421,
              25.0144623
            ],
            [
              121.4240412,
              25.0145958
            ],
            [
              121.4240593,
              25.0147727
            ],
            [
              121.4240892,
              25.0149408
            ],
            [
              121.4241029,
              25.0150402
            ],
            [
              121.4240488,
              25.0151706
            ],
            [
              121.4238443,
              25.0151088
            ],
            [
              121.4234884,
              25.0148519
            ],
            [
              121.423453,
              25.0150873
            ],
            [
              121.4234136,
              25.0155313
            ],
            [
              121.4234024,
              25.0165743
            ],
            [
              121.4233964,
              25.0166965
            ],
            [
              121.4233167,
              25.016765
            ],
            [
              121.4230585,
              25.0168856
            ],
            [
              121.422798,
              25.0169708
            ],
            [
              121.4224563,
              25.017092
            ],
            [
              121.4220616,
              25.0173138
            ],
            [
              121.4215562,
              25.0176429
            ],
            [
              121.4211614,
              25.0179863
            ],
            [
              121.4207745,
              25.0183369
            ],
            [
              121.4204009,
              25.018679
            ],
            [
              121.4200323,
              25.0189308
            ],
            [
              121.4194338,
              25.0191803
            ],
            [
              121.4192317,
              25.0192786
            ],
            [
              121.418814,
              25.0193431
            ],
            [
              121.41854,
              25.0193815
            ],
            [
              121.4182005,
              25.0193815
            ],
            [
              121.4179557,
              25.0195676
            ],
            [
              121.417366,
              25.0200214
            ],
            [
              121.4173162,
              25.0200398
            ],
            [
              121.4169782,
              25.0195088
            ],
            [
              121.4167319,
              25.0192742
            ],
            [
              121.4164634,
              25.0192384
            ],
            [
              121.4156975,
              25.0192671
            ],
            [
              121.4152475,
              25.0193601
            ],
            [
              121.4148369,
              25.019589
            ],
            [
              121.4146565,
              25.019633
            ],
            [
              121.4144665,
              25.0196018
            ],
            [
              121.4142842,
              25.0195103
            ],
            [
              121.4138465,
              25.0190702
            ],
            [
              121.413545,
              25.0193585
            ],
            [
              121.4132722,
              25.019779
            ],
            [
              121.412655,
              25.0203376
            ],
            [
              121.4124428,
              25.0203486
            ],
            [
              121.4123614,
              25.0202996
            ],
            [
              121.412241,
              25.0199333
            ],
            [
              121.412164,
              25.0197084
            ],
            [
              121.4121931,
              25.0195173
            ],
            [
              121.4122233,
              25.0192844
            ],
            [
              121.4121191,
              25.0189791
            ],
            [
              121.4119652,
              25.0186763
            ],
            [
              121.4116,
              25.01824
            ],
            [
              121.4113041,
              25.0180956
            ],
            [
              121.411009,
              25.0180677
            ],
            [
              121.4101884,
              25.0182091
            ],
            [
              121.4098118,
              25.0183317
            ],
            [
              121.4095226,
              25.0183559
            ],
            [
              121.4092156,
              25.018389
            ],
            [
              121.4088297,
              25.0182638
            ],
            [
              121.4083155,
              25.0179633
            ],
            [
              121.4069986,
              25.0173849
            ],
            [
              121.4054355,
              25.0170514
            ],
            [
              121.4046455,
              25.0171495
            ],
            [
              121.4043265,
              25.0171922
            ],
            [
              121.4042289,
              25.0172053
            ],
            [
              121.4039466,
              25.0170858
            ],
            [
              121.4031667,
              25.0167709
            ],
            [
              121.40262,
              25.01646
            ],
            [
              121.4017139,
              25.0158282
            ],
            [
              121.40122,
              25.01573
            ],
            [
              121.4001751,
              25.0158006
            ],
            [
              121.3996697,
              25.0159417
            ],
            [
              121.3991105,
              25.0160678
            ],
            [
              121.3983843,
              25.0160736
            ],
            [
              121.397531,
              25.0161346
            ],
            [
              121.3972101,
              25.0160935
            ],
            [
              121.3968285,
              25.0158133
            ],
            [
              121.3965117,
              25.0154529
            ],
            [
              121.396038,
              25.0150929
            ],
            [
              121.39528,
              25.014741
            ],
            [
              121.3945517,
              25.0146535
            ],
            [
              121.3941991,
              25.0147297
            ],
            [
              121.3939101,
              25.0149119
            ],
            [
              121.3936027,
              25.0151893
            ],
            [
              121.39307,
              25.01559
            ],
            [
              121.3927789,
              25.0156636
            ],
            [
              121.3925356,
              25.0156474
            ],
            [
              121.3923586,
              25.0154148
            ],
            [
              121.3923408,
              25.0151168
            ],
            [
              121.3924412,
              25.0148242
            ],
            [
              121.3926534,
              25.0144726
            ],
            [
              121.3927501,
              25.0142295
            ],
            [
              121.3924673,
              25.0134747
            ],
            [
              121.3920959,
              25.0125182
            ],
            [
              121.3914077,
              25.0123142
            ],
            [
              121.3912386,
              25.012205
            ],
            [
              121.3911577,
              25.0121285
            ],
            [
              121.3912058,
              25.0119816
            ],
            [
              121.3916242,
              25.0117758
            ],
            [
              121.3920167,
              25.0110659
            ],
            [
              121.3924822,
              25.0105734
            ],
            [
              121.3937178,
              25.0097835
            ],
            [
              121.394226,
              25.0095277
            ],
            [
              121.39537,
              25.00908
            ],
            [
              121.39786,
              25.0077208
            ],
            [
              121.39911,
              25.00738
            ],
            [
              121.3993911,
              25.0070911
            ],
            [
              121.3996321,
              25.0066905
            ],
            [
              121.3995877,
              25.0061884
            ],
            [
              121.3995756,
              25.0060522
            ],
            [
              121.3996952,
              25.0059622
            ],
            [
              121.3999462,
              25.0057734
            ],
            [
              121.4003222,
              25.0054906
            ],
            [
              121.40025,
              25.00531
            ],
            [
              121.40012,
              25.00488
            ],
            [
              121.40013,
              25.00449
            ],
            [
              121.4002669,
              25.004305
            ],
            [
              121.4009612,
              25.0032295
            ],
            [
              121.4020322,
              25.0025942
            ],
            [
              121.4021254,
              25.0023999
            ],
            [
              121.4020276,
              25.0020133
            ],
            [
              121.4018011,
              25.0015397
            ],
            [
              121.4019322,
              25.0010464
            ],
            [
              121.4027256,
              25.0008197
            ],
            [
              121.4031356,
              25.0004397
            ],
            [
              121.40337,
              25.00017
            ],
            [
              121.4033966,
              24.9998642
            ],
            [
              121.4031544,
              24.9991468
            ],
            [
              121.402809,
              24.998783
            ],
            [
              121.4026598,
              24.9988463
            ],
            [
              121.4025289,
              24.9989731
            ],
            [
              121.4022834,
              24.999097
            ],
            [
              121.4017378,
              24.9991959
            ],
            [
              121.40143,
              24.99922
            ],
            [
              121.4003444,
              24.9984523
            ],
            [
              121.3999733,
              24.9983337
            ],
            [
              121.399311,
              24.9983595
            ],
            [
              121.3989143,
              24.9983425
            ],
            [
              121.398622,
              24.9983123
            ],
            [
              121.39806,
              24.99781
            ],
            [
              121.39698,
              24.9973
            ],
            [
              121.39664,
              24.99704
            ],
            [
              121.3965,
              24.99675
            ],
            [
              121.3965601,
              24.9961585
            ],
            [
              121.3964961,
              24.9957423
            ],
            [
              121.395608,
              24.9949831
            ],
            [
              121.3955584,
              24.9949371
            ],
            [
              121.3951741,
              24.9945808
            ],
            [
              121.3947221,
              24.9939906
            ],
            [
              121.3942001,
              24.99345
            ],
            [
              121.3940083,
              24.9933913
            ],
            [
              121.3932947,
              24.9933504
            ],
            [
              121.3924833,
              24.9935446
            ],
            [
              121.3921308,
              24.9935393
            ],
            [
              121.3915796,
              24.9934519
            ],
            [
              121.3907978,
              24.9932186
            ],
            [
              121.390655,
              24.993231
            ],
            [
              121.3904923,
              24.9932573
            ],
            [
              121.3902561,
              24.9934994
            ],
            [
              121.3900745,
              24.9937371
            ],
            [
              121.3899646,
              24.9940447
            ],
            [
              121.3899618,
              24.9944933
            ],
            [
              121.3899017,
              24.9946354
            ],
            [
              121.3893194,
              24.9949673
            ],
            [
              121.3890526,
              24.9952777
            ],
            [
              121.3888733,
              24.9953879
            ],
            [
              121.3884714,
              24.9956388
            ],
            [
              121.388217,
              24.9961456
            ],
            [
              121.3880032,
              24.9964032
            ],
            [
              121.3878087,
              24.9964092
            ],
            [
              121.3876027,
              24.9963811
            ],
            [
              121.3871377,
              24.9960747
            ],
            [
              121.3869688,
              24.9960032
            ],
            [
              121.3860467,
              24.9959413
            ],
            [
              121.3855783,
              24.9957696
            ],
            [
              121.385073,
              24.9956253
            ],
            [
              121.3848217,
              24.9956003
            ],
            [
              121.3843192,
              24.9957148
            ],
            [
              121.3841961,
              24.9957072
            ],
            [
              121.3840694,
              24.9956409
            ],
            [
              121.3839538,
              24.9954522
            ],
            [
              121.3839394,
              24.9954312
            ],
            [
              121.38377,
              24.99513
            ],
            [
              121.3836,
              24.9945423
            ],
            [
              121.38357,
              24.99347
            ],
            [
              121.3836642,
              24.9928251
            ],
            [
              121.3839169,
              24.9923804
            ],
            [
              121.3841629,
              24.9920678
            ],
            [
              121.3843193,
              24.9917547
            ],
            [
              121.3841349,
              24.9911064
            ],
            [
              121.3840127,
              24.9905216
            ],
            [
              121.3837432,
              24.9900955
            ],
            [
              121.3836495,
              24.9898174
            ],
            [
              121.3836844,
              24.9890808
            ],
            [
              121.3835943,
              24.9888004
            ],
            [
              121.3834166,
              24.9886414
            ],
            [
              121.383508,
              24.9883862
            ],
            [
              121.3836912,
              24.9880819
            ],
            [
              121.3841977,
              24.9877088
            ],
            [
              121.3845526,
              24.9875184
            ],
            [
              121.3847411,
              24.9873704
            ],
            [
              121.3849394,
              24.9871099
            ],
            [
              121.385204,
              24.9868834
            ],
            [
              121.385404,
              24.9867779
            ],
            [
              121.3855759,
              24.9865371
            ],
            [
              121.3855836,
              24.9864147
            ],
            [
              121.3855668,
              24.9862405
            ],
            [
              121.3854757,
              24.9860696
            ],
            [
              121.3853833,
              24.9859624
            ],
            [
              121.3852874,
              24.9858745
            ],
            [
              121.3851745,
              24.9857854
            ],
            [
              121.3845736,
              24.9856689
            ],
            [
              121.3842789,
              24.9854809
            ],
            [
              121.3842234,
              24.9854336
            ],
            [
              121.3835965,
              24.985007
            ],
            [
              121.3832939,
              24.9848126
            ],
            [
              121.3830323,
              24.9846298
            ],
            [
              121.3828913,
              24.9844885
            ],
            [
              121.3828131,
              24.9844028
            ],
            [
              121.3827196,
              24.9842583
            ],
            [
              121.3825543,
              24.9841018
            ],
            [
              121.3824223,
              24.9840131
            ],
            [
              121.3823508,
              24.9839713
            ],
            [
              121.3822317,
              24.9839256
            ],
            [
              121.3821244,
              24.9839069
            ],
            [
              121.3819294,
              24.9839356
            ],
            [
              121.3817768,
              24.9839872
            ],
            [
              121.3813634,
              24.984189
            ],
            [
              121.3810627,
              24.9842853
            ],
            [
              121.3809503,
              24.9842905
            ],
            [
              121.3808641,
              24.9842746
            ],
            [
              121.3807669,
              24.9842388
            ],
            [
              121.3806313,
              24.984133
            ],
            [
              121.3803167,
              24.983935
            ],
            [
              121.3799983,
              24.9837935
            ],
            [
              121.3797534,
              24.9837411
            ],
            [
              121.3795948,
              24.9836935
            ],
            [
              121.3794453,
              24.9836262
            ],
            [
              121.3793266,
              24.9835668
            ],
            [
              121.3791772,
              24.9834755
            ],
            [
              121.3790716,
              24.9833963
            ],
            [
              121.37873,
              24.9831866
            ],
            [
              121.3785928,
              24.9830227
            ],
            [
              121.3781318,
              24.9825898
            ],
            [
              121.3779018,
              24.9823218
            ],
            [
              121.3777856,
              24.9822291
            ],
            [
              121.3777119,
              24.9821207
            ],
            [
              121.377489,
              24.9819187
            ],
            [
              121.3773483,
              24.9817941
            ],
            [
              121.3772789,
              24.9817448
            ],
            [
              121.3772349,
              24.98169
            ],
            [
              121.3770337,
              24.9815179
            ],
            [
              121.3768117,
              24.9813023
            ],
            [
              121.376727,
              24.981251
            ],
            [
              121.3765981,
              24.9811867
            ],
            [
              121.3764692,
              24.9811424
            ],
            [
              121.3762846,
              24.9811162
            ],
            [
              121.3760997,
              24.9811015
            ],
            [
              121.3759456,
              24.9810978
            ],
            [
              121.3757962,
              24.9811477
            ],
            [
              121.3757181,
              24.9811726
            ],
            [
              121.3755824,
              24.9811664
            ],
            [
              121.3754524,
              24.9811357
            ],
            [
              121.3753485,
              24.9810822
            ],
            [
              121.3752282,
              24.9809984
            ],
            [
              121.3751524,
              24.9809527
            ],
            [
              121.3750689,
              24.9808926
            ],
            [
              121.3748121,
              24.9806911
            ],
            [
              121.3746811,
              24.9806142
            ],
            [
              121.3745795,
              24.9805677
            ],
            [
              121.3744454,
              24.9805111
            ],
            [
              121.3742981,
              24.9804587
            ],
            [
              121.3741573,
              24.9804239
            ],
            [
              121.3740741,
              24.9803992
            ],
            [
              121.3739897,
              24.9803696
            ],
            [
              121.3739267,
              24.9803478
            ],
            [
              121.3738279,
              24.9803186
            ],
            [
              121.3736544,
              24.9802551
            ],
            [
              121.3735126,
              24.9802212
            ],
            [
              121.3733975,
              24.9801892
            ],
            [
              121.3732987,
              24.9801619
            ],
            [
              121.3730067,
              24.9800871
            ],
            [
              121.3728121,
              24.980048
            ],
            [
              121.3726795,
              24.9800007
            ],
            [
              121.3724793,
              24.9799626
            ],
            [
              121.3724016,
              24.9799449
            ],
            [
              121.3723261,
              24.9798639
            ],
            [
              121.3722297,
              24.9797909
            ],
            [
              121.372051,
              24.9795567
            ],
            [
              121.3719945,
              24.9794398
            ],
            [
              121.3719602,
              24.9793641
            ],
            [
              121.3718812,
              24.9792569
            ],
            [
              121.3718381,
              24.9791572
            ],
            [
              121.3717774,
              24.979069
            ],
            [
              121.3717034,
              24.9789712
            ],
            [
              121.3716084,
              24.9788684
            ],
            [
              121.3715305,
              24.9787449
            ],
            [
              121.3714638,
              24.9786217
            ],
            [
              121.3713908,
              24.9785177
            ],
            [
              121.3713257,
              24.9784442
            ],
            [
              121.3712306,
              24.9782927
            ],
            [
              121.3711158,
              24.9781702
            ],
            [
              121.371049,
              24.978103
            ],
            [
              121.3709504,
              24.978053
            ],
            [
              121.3708914,
              24.9780172
            ],
            [
              121.3708313,
              24.9779529
            ],
            [
              121.3707476,
              24.9778957
            ],
            [
              121.370624,
              24.9778223
            ],
            [
              121.3705729,
              24.9777676
            ],
            [
              121.3705198,
              24.9777258
            ],
            [
              121.3704626,
              24.9776765
            ],
            [
              121.3703504,
              24.9776024
            ],
            [
              121.3702457,
              24.9775133
            ],
            [
              121.3702061,
              24.9774642
            ],
            [
              121.3701447,
              24.9773989
            ],
            [
              121.3700767,
              24.9773385
            ],
            [
              121.369954,
              24.9772536
            ],
            [
              121.3698745,
              24.9772052
            ],
            [
              121.3697761,
              24.9771369
            ],
            [
              121.3696767,
              24.9770431
            ],
            [
              121.3695476,
              24.9770043
            ],
            [
              121.3694626,
              24.9769542
            ],
            [
              121.3693618,
              24.9768989
            ],
            [
              121.3692582,
              24.9768695
            ],
            [
              121.3691331,
              24.9768237
            ],
            [
              121.3690392,
              24.9768005
            ],
            [
              121.3689142,
              24.9768031
            ],
            [
              121.3685382,
              24.9763585
            ],
            [
              121.3684587,
              24.976075
            ],
            [
              121.3684653,
              24.9758921
            ],
            [
              121.3685892,
              24.9755162
            ],
            [
              121.3688839,
              24.9749212
            ],
            [
              121.369386,
              24.9739889
            ],
            [
              121.3696246,
              24.9735409
            ],
            [
              121.3700613,
              24.9729875
            ],
            [
              121.3704533,
              24.9726393
            ],
            [
              121.3707068,
              24.9724486
            ],
            [
              121.3712716,
              24.972157
            ],
            [
              121.3717049,
              24.9720858
            ],
            [
              121.3720032,
              24.9719575
            ],
            [
              121.3727316,
              24.9713443
            ],
            [
              121.3731372,
              24.9710951
            ],
            [
              121.3738905,
              24.9708978
            ],
            [
              121.3743189,
              24.9707358
            ],
            [
              121.3747165,
              24.9704206
            ],
            [
              121.3750124,
              24.9700368
            ],
            [
              121.3751617,
              24.9695092
            ],
            [
              121.3751885,
              24.9688853
            ],
            [
              121.3752417,
              24.9685994
            ],
            [
              121.3753921,
              24.9683558
            ],
            [
              121.3756392,
              24.9681335
            ],
            [
              121.3765984,
              24.9674063
            ],
            [
              121.3768371,
              24.9671613
            ],
            [
              121.3769628,
              24.9668941
            ],
            [
              121.3773565,
              24.9661028
            ],
            [
              121.3777726,
              24.9656363
            ],
            [
              121.377957,
              24.9655329
            ],
            [
              121.3782922,
              24.9654014
            ],
            [
              121.3798117,
              24.9653014
            ],
            [
              121.3799372,
              24.9653987
            ],
            [
              121.3803922,
              24.9655218
            ],
            [
              121.3808937,
              24.9655215
            ],
            [
              121.3812486,
              24.9654914
            ],
            [
              121.3814201,
              24.9654429
            ],
            [
              121.3816688,
              24.9653658
            ],
            [
              121.3819826,
              24.9652103
            ],
            [
              121.3821711,
              24.965064
            ],
            [
              121.3822497,
              24.9649566
            ],
            [
              121.3822727,
              24.9648968
            ],
            [
              121.3822651,
              24.9647778
            ],
            [
              121.3822063,
              24.9646965
            ],
            [
              121.3810549,
              24.9638772
            ],
            [
              121.3803849,
              24.9632343
            ],
            [
              121.3795289,
              24.9623667
            ],
            [
              121.378915,
              24.9614689
            ],
            [
              121.3786213,
              24.9608544
            ],
            [
              121.3769187,
              24.9598603
            ],
            [
              121.3745242,
              24.9584794
            ],
            [
              121.3736646,
              24.957953
            ],
            [
              121.3722582,
              24.9567517
            ],
            [
              121.3710984,
              24.9562084
            ],
            [
              121.369721,
              24.955989
            ],
            [
              121.3682742,
              24.9554727
            ],
            [
              121.3670421,
              24.9550891
            ],
            [
              121.3668967,
              24.9550383
            ],
            [
              121.3667012,
              24.9549497
            ],
            [
              121.3663764,
              24.9548485
            ],
            [
              121.3661503,
              24.954758
            ],
            [
              121.3660368,
              24.9546099
            ],
            [
              121.3660357,
              24.9544282
            ],
            [
              121.36595,
              24.9537315
            ],
            [
              121.3656964,
              24.9527155
            ],
            [
              121.3659525,
              24.9522007
            ],
            [
              121.3655809,
              24.9514822
            ],
            [
              121.3656693,
              24.9513293
            ],
            [
              121.365367,
              24.9510343
            ],
            [
              121.3654381,
              24.9509571
            ],
            [
              121.3646977,
              24.9497973
            ],
            [
              121.3643769,
              24.9494556
            ],
            [
              121.3644861,
              24.9492279
            ],
            [
              121.3638535,
              24.9486152
            ],
            [
              121.3639442,
              24.9484751
            ],
            [
              121.3633215,
              24.9476702
            ],
            [
              121.3630608,
              24.9473015
            ],
            [
              121.3624445,
              24.9471272
            ],
            [
              121.3619494,
              24.9469488
            ],
            [
              121.3618398,
              24.9468431
            ],
            [
              121.3617396,
              24.9467371
            ],
            [
              121.3616849,
              24.94662
            ],
            [
              121.3615881,
              24.9463118
            ],
            [
              121.361409,
              24.9455483
            ]
          ]
        ]
      },
      "properties": {
        "name": "新北市樹林區",
        "display_name": "樹林區, 新北市, 臺灣",
        "osm_id": 2790384,
        "osm_type": "relation",
        "source": "OSM Nominatim"
      }
    },
    {
      "type": "Feature",
      "geometry": {
        "type": "Polygon",
        "coordinates": [
          [
            [
              121.31577,
              24.938474
            ],
            [
              121.3158492,
              24.9383607
            ],
            [
              121.3159325,
              24.9382018
            ],
            [
              121.3160842,
              24.9379642
            ],
            [
              121.3161991,
              24.9377913
            ],
            [
              121.3162556,
              24.9376856
            ],
            [
              121.3163243,
              24.9375735
            ],
            [
              121.3164231,
              24.9374131
            ],
            [
              121.3165472,
              24.9371849
            ],
            [
              121.3167,
              24.9369588
            ],
            [
              121.316774,
              24.9368177
            ],
            [
              121.3171528,
              24.9363594
            ],
            [
              121.3172122,
              24.9362914
            ],
            [
              121.3172662,
              24.9362159
            ],
            [
              121.317336,
              24.93612
            ],
            [
              121.3173986,
              24.9360295
            ],
            [
              121.3174607,
              24.9359368
            ],
            [
              121.3175794,
              24.9357421
            ],
            [
              121.3176135,
              24.9356877
            ],
            [
              121.3176606,
              24.935607
            ],
            [
              121.3176922,
              24.9355252
            ],
            [
              121.317745,
              24.9354132
            ],
            [
              121.3178146,
              24.9353022
            ],
            [
              121.3179374,
              24.9350798
            ],
            [
              121.3180627,
              24.934873
            ],
            [
              121.3181394,
              24.9347963
            ],
            [
              121.3182292,
              24.9347467
            ],
            [
              121.3183201,
              24.9347084
            ],
            [
              121.3184092,
              24.9347037
            ],
            [
              121.3185775,
              24.9346656
            ],
            [
              121.3187866,
              24.934624
            ],
            [
              121.3189118,
              24.9345858
            ],
            [
              121.3189618,
              24.9345625
            ],
            [
              121.3190072,
              24.9345411
            ],
            [
              121.3190922,
              24.9345125
            ],
            [
              121.3192226,
              24.9344661
            ],
            [
              121.3193778,
              24.9344031
            ],
            [
              121.3194955,
              24.9343651
            ],
            [
              121.3195939,
              24.9343172
            ],
            [
              121.3197075,
              24.9342609
            ],
            [
              121.3198253,
              24.9341911
            ],
            [
              121.3199158,
              24.9341061
            ],
            [
              121.3199982,
              24.9340556
            ],
            [
              121.3200523,
              24.9339847
            ],
            [
              121.3200815,
              24.9338993
            ],
            [
              121.3200603,
              24.9338155
            ],
            [
              121.3200367,
              24.9337592
            ],
            [
              121.3200444,
              24.9336775
            ],
            [
              121.3201005,
              24.9335628
            ],
            [
              121.3201489,
              24.9335427
            ],
            [
              121.3201769,
              24.933556
            ],
            [
              121.320189,
              24.9335836
            ],
            [
              121.320224,
              24.9336545
            ],
            [
              121.3202691,
              24.9336935
            ],
            [
              121.3203337,
              24.9337024
            ],
            [
              121.3203929,
              24.9336837
            ],
            [
              121.3204774,
              24.9336559
            ],
            [
              121.3205578,
              24.9336743
            ],
            [
              121.3206405,
              24.9336779
            ],
            [
              121.3206974,
              24.9336703
            ],
            [
              121.3207296,
              24.9336441
            ],
            [
              121.3207613,
              24.9336112
            ],
            [
              121.3207772,
              24.9335769
            ],
            [
              121.3208019,
              24.9335248
            ],
            [
              121.3208123,
              24.9334529
            ],
            [
              121.3208295,
              24.9333935
            ],
            [
              121.3208341,
              24.9332695
            ],
            [
              121.3208192,
              24.9331674
            ],
            [
              121.3207882,
              24.9330903
            ],
            [
              121.3207583,
              24.9330226
            ],
            [
              121.3207525,
              24.9329569
            ],
            [
              121.3207686,
              24.9328757
            ],
            [
              121.3207847,
              24.9327808
            ],
            [
              121.3208021,
              24.932736
            ],
            [
              121.3208284,
              24.9326704
            ],
            [
              121.3208935,
              24.932552
            ],
            [
              121.320926,
              24.9324865
            ],
            [
              121.3209926,
              24.9324141
            ],
            [
              121.3210679,
              24.9323453
            ],
            [
              121.3211489,
              24.9322786
            ],
            [
              121.3211707,
              24.9322156
            ],
            [
              121.3211823,
              24.9321557
            ],
            [
              121.3211869,
              24.9321041
            ],
            [
              121.3212159,
              24.9320642
            ],
            [
              121.3212995,
              24.9320088
            ],
            [
              121.3213682,
              24.931987
            ],
            [
              121.3214331,
              24.9319947
            ],
            [
              121.321504,
              24.9320197
            ],
            [
              121.3215491,
              24.932072
            ],
            [
              121.3215764,
              24.9321609
            ],
            [
              121.3216011,
              24.9321953
            ],
            [
              121.3216685,
              24.9322731
            ],
            [
              121.3217476,
              24.932337
            ],
            [
              121.321855,
              24.9323464
            ],
            [
              121.3219184,
              24.9323319
            ],
            [
              121.3219756,
              24.9322786
            ],
            [
              121.3220193,
              24.9322276
            ],
            [
              121.3221359,
              24.9321437
            ],
            [
              121.3221675,
              24.9321083
            ],
            [
              121.322414,
              24.931902
            ],
            [
              121.3225002,
              24.9318181
            ],
            [
              121.3225863,
              24.9317368
            ],
            [
              121.3226414,
              24.9316983
            ],
            [
              121.322761,
              24.9316144
            ],
            [
              121.3228592,
              24.93153
            ],
            [
              121.3229552,
              24.9314654
            ],
            [
              121.3230775,
              24.9314039
            ],
            [
              121.3231526,
              24.931351
            ],
            [
              121.3232085,
              24.9312826
            ],
            [
              121.3232413,
              24.9311971
            ],
            [
              121.3232411,
              24.9310067
            ],
            [
              121.3232177,
              24.9309267
            ],
            [
              121.3231918,
              24.9308314
            ],
            [
              121.3231648,
              24.9307689
            ],
            [
              121.3231476,
              24.9306876
            ],
            [
              121.3231011,
              24.9306194
            ],
            [
              121.3230597,
              24.9305334
            ],
            [
              121.3230149,
              24.930448
            ],
            [
              121.3229609,
              24.9303573
            ],
            [
              121.3229195,
              24.9302938
            ],
            [
              121.3228828,
              24.9302042
            ],
            [
              121.3226924,
              24.9298245
            ],
            [
              121.3226334,
              24.9297155
            ],
            [
              121.3225633,
              24.9295436
            ],
            [
              121.3224956,
              24.9294373
            ],
            [
              121.3224435,
              24.9292978
            ],
            [
              121.3223473,
              24.9290716
            ],
            [
              121.3222646,
              24.9288444
            ],
            [
              121.3220578,
              24.9281963
            ],
            [
              121.3220273,
              24.9280628
            ],
            [
              121.3220475,
              24.9280427
            ],
            [
              121.3222112,
              24.9280739
            ],
            [
              121.3223623,
              24.9281104
            ],
            [
              121.3225404,
              24.9281552
            ],
            [
              121.3225967,
              24.9281765
            ],
            [
              121.3226702,
              24.928199
            ],
            [
              121.323093,
              24.9282953
            ],
            [
              121.3232286,
              24.9283401
            ],
            [
              121.3237043,
              24.9284547
            ],
            [
              121.3240355,
              24.9285306
            ],
            [
              121.3242673,
              24.928573
            ],
            [
              121.3247025,
              24.9286827
            ],
            [
              121.3249373,
              24.928695
            ],
            [
              121.3250417,
              24.9287204
            ],
            [
              121.325252,
              24.9287371
            ],
            [
              121.3257461,
              24.9287705
            ],
            [
              121.3261149,
              24.9288059
            ],
            [
              121.3264952,
              24.9288726
            ],
            [
              121.3268709,
              24.9289518
            ],
            [
              121.3274293,
              24.9290455
            ],
            [
              121.328221,
              24.9291518
            ],
            [
              121.3287105,
              24.9292445
            ],
            [
              121.329263,
              24.9293311
            ],
            [
              121.3300856,
              24.9294602
            ],
            [
              121.3302536,
              24.9294915
            ],
            [
              121.3304713,
              24.9295149
            ],
            [
              121.3307867,
              24.9295712
            ],
            [
              121.331032,
              24.9296082
            ],
            [
              121.3312871,
              24.9296254
            ],
            [
              121.3315376,
              24.9296342
            ],
            [
              121.3316996,
              24.9296457
            ],
            [
              121.3319719,
              24.9296639
            ],
            [
              121.3321529,
              24.9296853
            ],
            [
              121.332254,
              24.9296707
            ],
            [
              121.3326745,
              24.9297405
            ],
            [
              121.3331686,
              24.9298072
            ],
            [
              121.3332421,
              24.9298343
            ],
            [
              121.3333455,
              24.9298343
            ],
            [
              121.3335839,
              24.929832
            ],
            [
              121.3337563,
              24.9298171
            ],
            [
              121.3339183,
              24.9298004
            ],
            [
              121.334074,
              24.9297608
            ],
            [
              121.3341872,
              24.9297431
            ],
            [
              121.3342929,
              24.9297228
            ],
            [
              121.3343802,
              24.9296903
            ],
            [
              121.3344985,
              24.9296457
            ],
            [
              121.3346318,
              24.929592
            ],
            [
              121.3347691,
              24.929553
            ],
            [
              121.3351006,
              24.9293883
            ],
            [
              121.3352895,
              24.9292915
            ],
            [
              121.3353919,
              24.9292404
            ],
            [
              121.3354884,
              24.9291857
            ],
            [
              121.3356889,
              24.9290685
            ],
            [
              121.335836,
              24.9290002
            ],
            [
              121.3359563,
              24.9289665
            ],
            [
              121.33606,
              24.9289346
            ],
            [
              121.3361445,
              24.928921
            ],
            [
              121.3363318,
              24.9288861
            ],
            [
              121.3367035,
              24.9287955
            ],
            [
              121.3374578,
              24.9286262
            ],
            [
              121.3378151,
              24.9285579
            ],
            [
              121.3381701,
              24.9285204
            ],
            [
              121.3388646,
              24.9284549
            ],
            [
              121.3393329,
              24.9284735
            ],
            [
              121.3397764,
              24.9285055
            ],
            [
              121.340047,
              24.9286319
            ],
            [
              121.3402929,
              24.9287423
            ],
            [
              121.3403687,
              24.9287923
            ],
            [
              121.3405664,
              24.9289313
            ],
            [
              121.3410863,
              24.9292998
            ],
            [
              121.3413103,
              24.9294597
            ],
            [
              121.3415399,
              24.9296144
            ],
            [
              121.3425144,
              24.9302969
            ],
            [
              121.3427742,
              24.930461
            ],
            [
              121.3430109,
              24.9306074
            ],
            [
              121.3433808,
              24.9308627
            ],
            [
              121.3436741,
              24.9310917
            ],
            [
              121.3439473,
              24.931318
            ],
            [
              121.3442162,
              24.9315514
            ],
            [
              121.3443173,
              24.9316577
            ],
            [
              121.3445195,
              24.9318598
            ],
            [
              121.3450101,
              24.9323474
            ],
            [
              121.3451353,
              24.9324735
            ],
            [
              121.3453364,
              24.9326839
            ],
            [
              121.3456719,
              24.9330549
            ],
            [
              121.3459796,
              24.933422
            ],
            [
              121.3460838,
              24.9335133
            ],
            [
              121.346174,
              24.9336034
            ],
            [
              121.3463441,
              24.9337878
            ],
            [
              121.3466071,
              24.9341001
            ],
            [
              121.3468757,
              24.9344348
            ],
            [
              121.347688,
              24.935585
            ],
            [
              121.3482732,
              24.9362823
            ],
            [
              121.3484878,
              24.9364535
            ],
            [
              121.3487045,
              24.9365875
            ],
            [
              121.3499286,
              24.937142
            ],
            [
              121.3515256,
              24.9380543
            ],
            [
              121.3542415,
              24.9395514
            ],
            [
              121.3562693,
              24.9406381
            ],
            [
              121.3563569,
              24.9406844
            ],
            [
              121.3564618,
              24.9407446
            ],
            [
              121.3565193,
              24.9407789
            ],
            [
              121.3566648,
              24.9408526
            ],
            [
              121.3567911,
              24.9409251
            ],
            [
              121.3568977,
              24.9409799
            ],
            [
              121.3569935,
              24.9410291
            ],
            [
              121.3571895,
              24.9411571
            ],
            [
              121.3574186,
              24.9412882
            ],
            [
              121.3575473,
              24.9413465
            ],
            [
              121.3575583,
              24.9413522
            ],
            [
              121.3577686,
              24.9414621
            ],
            [
              121.3578223,
              24.941507
            ],
            [
              121.358002,
              24.9416031
            ],
            [
              121.3580972,
              24.9416676
            ],
            [
              121.3582273,
              24.9417405
            ],
            [
              121.3583292,
              24.9417807
            ],
            [
              121.3584311,
              24.9418402
            ],
            [
              121.3585746,
              24.9419132
            ],
            [
              121.3586792,
              24.9419704
            ],
            [
              121.3587517,
              24.9420044
            ],
            [
              121.3588777,
              24.9420591
            ],
            [
              121.3590172,
              24.9421248
            ],
            [
              121.3590936,
              24.9421673
            ],
            [
              121.3592479,
              24.9423206
            ],
            [
              121.3592787,
              24.9423972
            ],
            [
              121.3592881,
              24.9424519
            ],
            [
              121.3593163,
              24.9425565
            ],
            [
              121.359327,
              24.9426513
            ],
            [
              121.3593847,
              24.9428775
            ],
            [
              121.3593954,
              24.9429675
            ],
            [
              121.3594839,
              24.9431912
            ],
            [
              121.3595942,
              24.9434375
            ],
            [
              121.3596316,
              24.9435382
            ],
            [
              121.3597266,
              24.9437214
            ],
            [
              121.3598795,
              24.9439622
            ],
            [
              121.3599586,
              24.9441032
            ],
            [
              121.3600418,
              24.9441981
            ],
            [
              121.3601518,
              24.9443562
            ],
            [
              121.3602188,
              24.9444437
            ],
            [
              121.3603476,
              24.9446006
            ],
            [
              121.360475,
              24.9447343
            ],
            [
              121.3605876,
              24.9448401
            ],
            [
              121.3606694,
              24.9449058
            ],
            [
              121.3608223,
              24.9450092
            ],
            [
              121.3608961,
              24.945059
            ],
            [
              121.3610597,
              24.9451733
            ],
            [
              121.3612461,
              24.9452974
            ],
            [
              121.3613708,
              24.9453533
            ],
            [
              121.3613655,
              24.9454214
            ],
            [
              121.3613655,
              24.9454688
            ],
            [
              121.361409,
              24.9455483
            ],
            [
              121.3615881,
              24.9463118
            ],
            [
              121.3616849,
              24.94662
            ],
            [
              121.3617396,
              24.9467371
            ],
            [
              121.3618398,
              24.9468431
            ],
            [
              121.3619494,
              24.9469488
            ],
            [
              121.3624445,
              24.9471272
            ],
            [
              121.3630608,
              24.9473015
            ],
            [
              121.3633215,
              24.9476702
            ],
            [
              121.3639442,
              24.9484751
            ],
            [
              121.3638535,
              24.9486152
            ],
            [
              121.3644861,
              24.9492279
            ],
            [
              121.3643769,
              24.9494556
            ],
            [
              121.3646977,
              24.9497973
            ],
            [
              121.3654381,
              24.9509571
            ],
            [
              121.365367,
              24.9510343
            ],
            [
              121.3656693,
              24.9513293
            ],
            [
              121.3655809,
              24.9514822
            ],
            [
              121.3659525,
              24.9522007
            ],
            [
              121.3656964,
              24.9527155
            ],
            [
              121.36595,
              24.9537315
            ],
            [
              121.3660357,
              24.9544282
            ],
            [
              121.3660368,
              24.9546099
            ],
            [
              121.3661503,
              24.954758
            ],
            [
              121.3663764,
              24.9548485
            ],
            [
              121.3667012,
              24.9549497
            ],
            [
              121.3668967,
              24.9550383
            ],
            [
              121.3670421,
              24.9550891
            ],
            [
              121.3682742,
              24.9554727
            ],
            [
              121.369721,
              24.955989
            ],
            [
              121.3710984,
              24.9562084
            ],
            [
              121.3722582,
              24.9567517
            ],
            [
              121.3736646,
              24.957953
            ],
            [
              121.3745242,
              24.9584794
            ],
            [
              121.3769187,
              24.9598603
            ],
            [
              121.3786213,
              24.9608544
            ],
            [
              121.378915,
              24.9614689
            ],
            [
              121.3795289,
              24.9623667
            ],
            [
              121.3803849,
              24.9632343
            ],
            [
              121.3810549,
              24.9638772
            ],
            [
              121.3822063,
              24.9646965
            ],
            [
              121.3822651,
              24.9647778
            ],
            [
              121.3822727,
              24.9648968
            ],
            [
              121.3822497,
              24.9649566
            ],
            [
              121.3821711,
              24.965064
            ],
            [
              121.3819826,
              24.9652103
            ],
            [
              121.3816688,
              24.9653658
            ],
            [
              121.3814201,
              24.9654429
            ],
            [
              121.3812486,
              24.9654914
            ],
            [
              121.3808937,
              24.9655215
            ],
            [
              121.3803922,
              24.9655218
            ],
            [
              121.3799372,
              24.9653987
            ],
            [
              121.3798117,
              24.9653014
            ],
            [
              121.3782922,
              24.9654014
            ],
            [
              121.377957,
              24.9655329
            ],
            [
              121.3777726,
              24.9656363
            ],
            [
              121.3773565,
              24.9661028
            ],
            [
              121.3769628,
              24.9668941
            ],
            [
              121.3768371,
              24.9671613
            ],
            [
              121.3765984,
              24.9674063
            ],
            [
              121.3756392,
              24.9681335
            ],
            [
              121.3753921,
              24.9683558
            ],
            [
              121.3752417,
              24.9685994
            ],
            [
              121.3751885,
              24.9688853
            ],
            [
              121.3751617,
              24.9695092
            ],
            [
              121.3750124,
              24.9700368
            ],
            [
              121.3747165,
              24.9704206
            ],
            [
              121.3743189,
              24.9707358
            ],
            [
              121.3738905,
              24.9708978
            ],
            [
              121.3731372,
              24.9710951
            ],
            [
              121.3727316,
              24.9713443
            ],
            [
              121.3720032,
              24.9719575
            ],
            [
              121.3717049,
              24.9720858
            ],
            [
              121.3712716,
              24.972157
            ],
            [
              121.3707068,
              24.9724486
            ],
            [
              121.3704533,
              24.9726393
            ],
            [
              121.3700613,
              24.9729875
            ],
            [
              121.3696246,
              24.9735409
            ],
            [
              121.369386,
              24.9739889
            ],
            [
              121.3688839,
              24.9749212
            ],
            [
              121.3685892,
              24.9755162
            ],
            [
              121.3684653,
              24.9758921
            ],
            [
              121.3684587,
              24.976075
            ],
            [
              121.3685382,
              24.9763585
            ],
            [
              121.3689142,
              24.9768031
            ],
            [
              121.3687838,
              24.9768159
            ],
            [
              121.3687287,
              24.9768844
            ],
            [
              121.3686435,
              24.9770634
            ],
            [
              121.3686066,
              24.9771013
            ],
            [
              121.368517,
              24.9771705
            ],
            [
              121.3683913,
              24.9772673
            ],
            [
              121.3681884,
              24.9773691
            ],
            [
              121.3679312,
              24.9774356
            ],
            [
              121.3675743,
              24.9774613
            ],
            [
              121.3674295,
              24.9775022
            ],
            [
              121.3673502,
              24.9775399
            ],
            [
              121.3671325,
              24.9776947
            ],
            [
              121.3670241,
              24.9777796
            ],
            [
              121.3668576,
              24.977918
            ],
            [
              121.3666877,
              24.9780602
            ],
            [
              121.366623,
              24.9781428
            ],
            [
              121.3664494,
              24.978272
            ],
            [
              121.36617,
              24.97846
            ],
            [
              121.3660778,
              24.9785117
            ],
            [
              121.3659034,
              24.978594
            ],
            [
              121.3657601,
              24.9786084
            ],
            [
              121.3656191,
              24.9786041
            ],
            [
              121.3655445,
              24.9785903
            ],
            [
              121.3654376,
              24.9785562
            ],
            [
              121.3653436,
              24.9785417
            ],
            [
              121.3651035,
              24.9785502
            ],
            [
              121.3649865,
              24.9785796
            ],
            [
              121.3647603,
              24.978673
            ],
            [
              121.3646167,
              24.9787659
            ],
            [
              121.3645342,
              24.9788427
            ],
            [
              121.3644376,
              24.9789723
            ],
            [
              121.3642761,
              24.9792153
            ],
            [
              121.3641491,
              24.9793818
            ],
            [
              121.3640119,
              24.9795245
            ],
            [
              121.3639092,
              24.9795859
            ],
            [
              121.3638356,
              24.9795845
            ],
            [
              121.3637117,
              24.9795887
            ],
            [
              121.3636378,
              24.979579
            ],
            [
              121.3635028,
              24.9795522
            ],
            [
              121.3633264,
              24.9795044
            ],
            [
              121.3632476,
              24.9794957
            ],
            [
              121.3631648,
              24.9794645
            ],
            [
              121.3630942,
              24.979472
            ],
            [
              121.3629468,
              24.9794048
            ],
            [
              121.3628493,
              24.9793735
            ],
            [
              121.3628198,
              24.9793452
            ],
            [
              121.3627356,
              24.9793052
            ],
            [
              121.3626862,
              24.9792793
            ],
            [
              121.3625933,
              24.9792212
            ],
            [
              121.3625295,
              24.9791616
            ],
            [
              121.3624629,
              24.9791195
            ],
            [
              121.3623875,
              24.9790552
            ],
            [
              121.3622856,
              24.9789992
            ],
            [
              121.3620948,
              24.9789466
            ],
            [
              121.3619808,
              24.9789333
            ],
            [
              121.3616918,
              24.9788674
            ],
            [
              121.3614964,
              24.9788421
            ],
            [
              121.3614162,
              24.9788206
            ],
            [
              121.3613666,
              24.9787866
            ],
            [
              121.3613422,
              24.9787129
            ],
            [
              121.3613176,
              24.9785929
            ],
            [
              121.3613122,
              24.9783307
            ],
            [
              121.3613241,
              24.9782445
            ],
            [
              121.361288,
              24.9778761
            ],
            [
              121.3612233,
              24.9778083
            ],
            [
              121.3611572,
              24.9778016
            ],
            [
              121.3610343,
              24.9778128
            ],
            [
              121.3608883,
              24.9778163
            ],
            [
              121.3607242,
              24.9778409
            ],
            [
              121.3606019,
              24.9778439
            ],
            [
              121.3604879,
              24.9778641
            ],
            [
              121.3603228,
              24.9778792
            ],
            [
              121.3602567,
              24.9778864
            ],
            [
              121.360172,
              24.9778844
            ],
            [
              121.3599439,
              24.9779223
            ],
            [
              121.3598731,
              24.9779394
            ],
            [
              121.3598179,
              24.9779716
            ],
            [
              121.3597225,
              24.9780116
            ],
            [
              121.3594827,
              24.9781266
            ],
            [
              121.3593096,
              24.9781762
            ],
            [
              121.359227,
              24.9781959
            ],
            [
              121.3590903,
              24.9782028
            ],
            [
              121.3589068,
              24.9781967
            ],
            [
              121.3587031,
              24.9782125
            ],
            [
              121.3585431,
              24.9782052
            ],
            [
              121.3584656,
              24.9782076
            ],
            [
              121.3582325,
              24.978166
            ],
            [
              121.3581842,
              24.9781274
            ],
            [
              121.3580955,
              24.9780083
            ],
            [
              121.3579416,
              24.9778945
            ],
            [
              121.3578668,
              24.9778577
            ],
            [
              121.3577491,
              24.9778241
            ],
            [
              121.3576118,
              24.9778197
            ],
            [
              121.3574975,
              24.9778136
            ],
            [
              121.3573617,
              24.9777961
            ],
            [
              121.3571805,
              24.9777862
            ],
            [
              121.3570029,
              24.9777627
            ],
            [
              121.3569116,
              24.977769
            ],
            [
              121.3565496,
              24.9777432
            ],
            [
              121.356375,
              24.9777478
            ],
            [
              121.3562248,
              24.9777654
            ],
            [
              121.3560506,
              24.977771
            ],
            [
              121.3559657,
              24.9777814
            ],
            [
              121.3558562,
              24.9777985
            ],
            [
              121.3556998,
              24.9778174
            ],
            [
              121.355424,
              24.977832
            ],
            [
              121.3552517,
              24.9778461
            ],
            [
              121.3550752,
              24.9778352
            ],
            [
              121.354911,
              24.9778178
            ],
            [
              121.3546984,
              24.9778121
            ],
            [
              121.3544888,
              24.9777943
            ],
            [
              121.3542053,
              24.9777851
            ],
            [
              121.3540917,
              24.9778002
            ],
            [
              121.3539717,
              24.977842
            ],
            [
              121.3535934,
              24.9781814
            ],
            [
              121.3535065,
              24.9782825
            ],
            [
              121.3533456,
              24.9785205
            ],
            [
              121.353332,
              24.9786388
            ],
            [
              121.353344,
              24.978934
            ],
            [
              121.3533718,
              24.9792018
            ],
            [
              121.353343,
              24.9792987
            ],
            [
              121.3532706,
              24.979466
            ],
            [
              121.3532232,
              24.979599
            ],
            [
              121.3532006,
              24.9797477
            ],
            [
              121.3531626,
              24.9798695
            ],
            [
              121.3531495,
              24.9799594
            ],
            [
              121.3531078,
              24.9800971
            ],
            [
              121.3530678,
              24.9801929
            ],
            [
              121.3529792,
              24.9803286
            ],
            [
              121.3529077,
              24.9804072
            ],
            [
              121.3528389,
              24.9805013
            ],
            [
              121.3526351,
              24.9806876
            ],
            [
              121.3525051,
              24.9807594
            ],
            [
              121.3524311,
              24.980812
            ],
            [
              121.3523489,
              24.9808511
            ],
            [
              121.3520094,
              24.9807749
            ],
            [
              121.3492909,
              24.9797964
            ],
            [
              121.3487853,
              24.9797478
            ],
            [
              121.3482281,
              24.9796092
            ],
            [
              121.3476745,
              24.9790117
            ],
            [
              121.3472002,
              24.9787892
            ],
            [
              121.3462495,
              24.9792895
            ],
            [
              121.3455027,
              24.9797733
            ],
            [
              121.3445029,
              24.9804769
            ],
            [
              121.3442117,
              24.9807894
            ],
            [
              121.3439053,
              24.9812269
            ],
            [
              121.3432771,
              24.9818658
            ],
            [
              121.3426825,
              24.982312
            ],
            [
              121.3425707,
              24.982266
            ],
            [
              121.3423023,
              24.9814407
            ],
            [
              121.3421313,
              24.9810587
            ],
            [
              121.3419146,
              24.9808111
            ],
            [
              121.3414753,
              24.9806147
            ],
            [
              121.3411128,
              24.9802482
            ],
            [
              121.3402354,
              24.9800979
            ],
            [
              121.3399664,
              24.9801144
            ],
            [
              121.3395913,
              24.9803958
            ],
            [
              121.3393026,
              24.9805799
            ],
            [
              121.3389104,
              24.980707
            ],
            [
              121.3385303,
              24.980648
            ],
            [
              121.3380908,
              24.9804266
            ],
            [
              121.3377299,
              24.9806082
            ],
            [
              121.3374084,
              24.9804909
            ],
            [
              121.3369668,
              24.980686
            ],
            [
              121.3367293,
              24.9806624
            ],
            [
              121.3364645,
              24.9805056
            ],
            [
              121.336197,
              24.9801696
            ],
            [
              121.3361219,
              24.980048
            ],
            [
              121.3359245,
              24.9799031
            ],
            [
              121.3353542,
              24.9798569
            ],
            [
              121.3346892,
              24.9797717
            ],
            [
              121.3346359,
              24.9796663
            ],
            [
              121.3346901,
              24.9791796
            ],
            [
              121.3345966,
              24.9790536
            ],
            [
              121.3344258,
              24.9789772
            ],
            [
              121.3338862,
              24.9787292
            ],
            [
              121.3336072,
              24.9787465
            ],
            [
              121.33329,
              24.97883
            ],
            [
              121.3327138,
              24.9787521
            ],
            [
              121.3320574,
              24.9786065
            ],
            [
              121.3315659,
              24.9785999
            ],
            [
              121.3312762,
              24.9789768
            ],
            [
              121.3310262,
              24.9792803
            ],
            [
              121.3308936,
              24.9793445
            ],
            [
              121.33085,
              24.979355
            ],
            [
              121.3308223,
              24.979355
            ],
            [
              121.3307751,
              24.9793591
            ],
            [
              121.3302623,
              24.9792499
            ],
            [
              121.3297966,
              24.9790579
            ],
            [
              121.3290726,
              24.9787073
            ],
            [
              121.3285173,
              24.9783949
            ],
            [
              121.3284019,
              24.978409
            ],
            [
              121.3282863,
              24.9785488
            ],
            [
              121.3280495,
              24.9785255
            ],
            [
              121.3279024,
              24.9786211
            ],
            [
              121.3273639,
              24.9784298
            ],
            [
              121.327213,
              24.9783043
            ],
            [
              121.3270785,
              24.9780508
            ],
            [
              121.3270766,
              24.9778499
            ],
            [
              121.3271842,
              24.9775526
            ],
            [
              121.3273721,
              24.9773693
            ],
            [
              121.327745,
              24.9771771
            ],
            [
              121.3280254,
              24.9769028
            ],
            [
              121.3285482,
              24.9763863
            ],
            [
              121.328587,
              24.9762661
            ],
            [
              121.327861,
              24.9758495
            ],
            [
              121.3275673,
              24.9755941
            ],
            [
              121.3274255,
              24.9754699
            ],
            [
              121.3273704,
              24.9753209
            ],
            [
              121.3274021,
              24.9751865
            ],
            [
              121.3276188,
              24.9749017
            ],
            [
              121.3275796,
              24.9748564
            ],
            [
              121.3251631,
              24.9734952
            ],
            [
              121.3243848,
              24.973188
            ],
            [
              121.3238901,
              24.9729468
            ],
            [
              121.3236735,
              24.972828
            ],
            [
              121.3236641,
              24.9727327
            ],
            [
              121.3236732,
              24.9726457
            ],
            [
              121.3237066,
              24.9724932
            ],
            [
              121.3237319,
              24.9723786
            ],
            [
              121.3237583,
              24.9722958
            ],
            [
              121.323795,
              24.9722344
            ],
            [
              121.323802,
              24.9721536
            ],
            [
              121.3238008,
              24.9720692
            ],
            [
              121.3237215,
              24.9720276
            ],
            [
              121.3236357,
              24.9719922
            ],
            [
              121.3236951,
              24.9717495
            ],
            [
              121.3238002,
              24.9714453
            ],
            [
              121.3238847,
              24.971463
            ],
            [
              121.3239579,
              24.971491
            ],
            [
              121.3239697,
              24.9714099
            ],
            [
              121.3240161,
              24.9712982
            ],
            [
              121.3240283,
              24.9712328
            ],
            [
              121.3239888,
              24.9711911
            ],
            [
              121.3240297,
              24.9711195
            ],
            [
              121.3240692,
              24.971107
            ],
            [
              121.3241673,
              24.9711443
            ],
            [
              121.3242868,
              24.9711558
            ],
            [
              121.3243592,
              24.9711307
            ],
            [
              121.3245861,
              24.9711136
            ],
            [
              121.3247143,
              24.9711016
            ],
            [
              121.3249113,
              24.9711279
            ],
            [
              121.325032,
              24.9711443
            ],
            [
              121.3251378,
              24.9711617
            ],
            [
              121.3252198,
              24.9711995
            ],
            [
              121.3252922,
              24.9712407
            ],
            [
              121.3253882,
              24.9712828
            ],
            [
              121.325454,
              24.9713028
            ],
            [
              121.3255651,
              24.9713703
            ],
            [
              121.3256914,
              24.9714428
            ],
            [
              121.3257449,
              24.9714896
            ],
            [
              121.3257622,
              24.9715417
            ],
            [
              121.3259121,
              24.9716286
            ],
            [
              121.326066,
              24.9717319
            ],
            [
              121.3262317,
              24.9718383
            ],
            [
              121.3264424,
              24.9719703
            ],
            [
              121.3265733,
              24.9720328
            ],
            [
              121.3267848,
              24.9721765
            ],
            [
              121.3269663,
              24.9722598
            ],
            [
              121.3270559,
              24.9723275
            ],
            [
              121.3273409,
              24.9725202
            ],
            [
              121.3278776,
              24.9728296
            ],
            [
              121.3280395,
              24.9728775
            ],
            [
              121.3281946,
              24.9728452
            ],
            [
              121.3282612,
              24.9727015
            ],
            [
              121.3282865,
              24.9725577
            ],
            [
              121.328298,
              24.9724202
            ],
            [
              121.3283416,
              24.9723203
            ],
            [
              121.3283945,
              24.9722224
            ],
            [
              121.3284652,
              24.9721015
            ],
            [
              121.3285117,
              24.9719682
            ],
            [
              121.3285261,
              24.971926
            ],
            [
              121.328525,
              24.9718466
            ],
            [
              121.3285278,
              24.9717974
            ],
            [
              121.3285462,
              24.9716661
            ],
            [
              121.3285634,
              24.9715734
            ],
            [
              121.328568,
              24.9715068
            ],
            [
              121.3285577,
              24.971412
            ],
            [
              121.3285462,
              24.9713099
            ],
            [
              121.3284939,
              24.9711539
            ],
            [
              121.3284163,
              24.9710829
            ],
            [
              121.3283194,
              24.9709988
            ],
            [
              121.3283221,
              24.9709214
            ],
            [
              121.3283416,
              24.9708111
            ],
            [
              121.3283893,
              24.9706659
            ],
            [
              121.3284407,
              24.9705609
            ],
            [
              121.328486,
              24.9704331
            ],
            [
              121.3285014,
              24.9703423
            ],
            [
              121.3285547,
              24.9702559
            ],
            [
              121.3286289,
              24.970159
            ],
            [
              121.3286771,
              24.9700413
            ],
            [
              121.3287036,
              24.9699663
            ],
            [
              121.3287539,
              24.9699365
            ],
            [
              121.3288001,
              24.9698913
            ],
            [
              121.3287806,
              24.969835
            ],
            [
              121.3287737,
              24.9697908
            ],
            [
              121.3287714,
              24.9697715
            ],
            [
              121.3287772,
              24.969753
            ],
            [
              121.3288087,
              24.9696929
            ],
            [
              121.3288673,
              24.9696343
            ],
            [
              121.3288903,
              24.9696022
            ],
            [
              121.3288845,
              24.9695574
            ],
            [
              121.3288501,
              24.9695059
            ],
            [
              121.3288032,
              24.9694408
            ],
            [
              121.3287656,
              24.9694028
            ],
            [
              121.328753,
              24.9693528
            ],
            [
              121.3287597,
              24.9692713
            ],
            [
              121.3287243,
              24.9691611
            ],
            [
              121.3286992,
              24.9690436
            ],
            [
              121.3286622,
              24.9689403
            ],
            [
              121.3286351,
              24.9688119
            ],
            [
              121.3286114,
              24.9686872
            ],
            [
              121.328591,
              24.9685414
            ],
            [
              121.3285772,
              24.9684643
            ],
            [
              121.3285289,
              24.9683659
            ],
            [
              121.3284028,
              24.9682097
            ],
            [
              121.3282474,
              24.9680372
            ],
            [
              121.3281202,
              24.9679073
            ],
            [
              121.3279489,
              24.9677972
            ],
            [
              121.3275555,
              24.967533
            ],
            [
              121.3274535,
              24.9674747
            ],
            [
              121.3274372,
              24.9674144
            ],
            [
              121.3273922,
              24.9673142
            ],
            [
              121.3273397,
              24.967205
            ],
            [
              121.3272834,
              24.9670966
            ],
            [
              121.3272271,
              24.9670018
            ],
            [
              121.3271892,
              24.9669279
            ],
            [
              121.3271582,
              24.9668748
            ],
            [
              121.3271293,
              24.9668254
            ],
            [
              121.3270961,
              24.9667581
            ],
            [
              121.3270008,
              24.9667019
            ],
            [
              121.3269491,
              24.9666539
            ],
            [
              121.3269231,
              24.9665947
            ],
            [
              121.3269539,
              24.9665575
            ],
            [
              121.3270088,
              24.9665696
            ],
            [
              121.3271233,
              24.9666425
            ],
            [
              121.3272179,
              24.966718
            ],
            [
              121.3273141,
              24.9667983
            ],
            [
              121.3274066,
              24.9668899
            ],
            [
              121.3274443,
              24.9670227
            ],
            [
              121.3275578,
              24.9671358
            ],
            [
              121.3277648,
              24.9672425
            ],
            [
              121.327982,
              24.967381
            ],
            [
              121.3281555,
              24.9674872
            ],
            [
              121.3283566,
              24.9676112
            ],
            [
              121.3285174,
              24.9676956
            ],
            [
              121.3286048,
              24.9677497
            ],
            [
              121.3286869,
              24.9678111
            ],
            [
              121.3288392,
              24.9678862
            ],
            [
              121.3289076,
              24.9677798
            ],
            [
              121.3290112,
              24.9676232
            ],
            [
              121.3291149,
              24.9674904
            ],
            [
              121.3291666,
              24.9673747
            ],
            [
              121.3292585,
              24.967407
            ],
            [
              121.3293642,
              24.9674581
            ],
            [
              121.3297927,
              24.9669004
            ],
            [
              121.3295732,
              24.9667488
            ],
            [
              121.3294297,
              24.96663
            ],
            [
              121.3293309,
              24.966515
            ],
            [
              121.3292689,
              24.9664019
            ],
            [
              121.3291976,
              24.9663456
            ],
            [
              121.3290578,
              24.9662759
            ],
            [
              121.328977,
              24.9662185
            ],
            [
              121.3289345,
              24.9661633
            ],
            [
              121.3287988,
              24.9661135
            ],
            [
              121.3287076,
              24.9660717
            ],
            [
              121.3286585,
              24.9660407
            ],
            [
              121.3285019,
              24.9659232
            ],
            [
              121.3284428,
              24.9658686
            ],
            [
              121.3283339,
              24.9657879
            ],
            [
              121.3280865,
              24.965551
            ],
            [
              121.3280389,
              24.9654639
            ],
            [
              121.3280662,
              24.9653661
            ],
            [
              121.3282302,
              24.9651071
            ],
            [
              121.3284162,
              24.9647848
            ],
            [
              121.3285987,
              24.9644078
            ],
            [
              121.3287036,
              24.964093
            ],
            [
              121.3287511,
              24.9638378
            ],
            [
              121.3288438,
              24.9633905
            ],
            [
              121.3289138,
              24.9630259
            ],
            [
              121.3289403,
              24.9628103
            ],
            [
              121.3289824,
              24.9625993
            ],
            [
              121.3290253,
              24.9623968
            ],
            [
              121.3290483,
              24.9623158
            ],
            [
              121.3290494,
              24.9622238
            ],
            [
              121.3290839,
              24.9620863
            ],
            [
              121.329077,
              24.9616343
            ],
            [
              121.3290677,
              24.9615306
            ],
            [
              121.3290804,
              24.9613343
            ],
            [
              121.3290864,
              24.96115
            ],
            [
              121.3291092,
              24.9610186
            ],
            [
              121.3291203,
              24.960883
            ],
            [
              121.3291253,
              24.9607717
            ],
            [
              121.329123,
              24.9606884
            ],
            [
              121.3291425,
              24.9605822
            ],
            [
              121.3291344,
              24.960503
            ],
            [
              121.329123,
              24.9604228
            ],
            [
              121.3291078,
              24.9603835
            ],
            [
              121.3290718,
              24.9603151
            ],
            [
              121.328861,
              24.9597708
            ],
            [
              121.3288227,
              24.9591526
            ],
            [
              121.3288538,
              24.9586639
            ],
            [
              121.3287539,
              24.9580887
            ],
            [
              121.328666,
              24.9574414
            ],
            [
              121.3284634,
              24.9565664
            ],
            [
              121.3284129,
              24.956356
            ],
            [
              121.3283347,
              24.9561248
            ],
            [
              121.3281722,
              24.9556486
            ],
            [
              121.3281141,
              24.9554518
            ],
            [
              121.3280877,
              24.9553174
            ],
            [
              121.32809,
              24.9550914
            ],
            [
              121.3281371,
              24.954858
            ],
            [
              121.3281879,
              24.954612
            ],
            [
              121.3281854,
              24.9544038
            ],
            [
              121.3281808,
              24.9541851
            ],
            [
              121.3281624,
              24.9538267
            ],
            [
              121.3281535,
              24.9534704
            ],
            [
              121.3280981,
              24.9520703
            ],
            [
              121.3280739,
              24.9513692
            ],
            [
              121.328052,
              24.9506603
            ],
            [
              121.3280337,
              24.9503889
            ],
            [
              121.3280038,
              24.9502202
            ],
            [
              121.3279671,
              24.9499139
            ],
            [
              121.3279625,
              24.9495264
            ],
            [
              121.3279948,
              24.9491751
            ],
            [
              121.3280153,
              24.9490378
            ],
            [
              121.3281209,
              24.9488528
            ],
            [
              121.3282612,
              24.9486627
            ],
            [
              121.3284382,
              24.9484971
            ],
            [
              121.3285992,
              24.9483288
            ],
            [
              121.3286783,
              24.9482356
            ],
            [
              121.3289943,
              24.9477918
            ],
            [
              121.3290729,
              24.9476256
            ],
            [
              121.3292425,
              24.947374
            ],
            [
              121.3293413,
              24.9472938
            ],
            [
              121.3295205,
              24.9470907
            ],
            [
              121.3296274,
              24.9469782
            ],
            [
              121.3297253,
              24.9468662
            ],
            [
              121.3299077,
              24.9467094
            ],
            [
              121.3300284,
              24.9466396
            ],
            [
              121.3301473,
              24.9465718
            ],
            [
              121.330488,
              24.9464427
            ],
            [
              121.3308447,
              24.946311
            ],
            [
              121.331105,
              24.9462104
            ],
            [
              121.3312222,
              24.9461228
            ],
            [
              121.3313221,
              24.9460708
            ],
            [
              121.3314383,
              24.9459748
            ],
            [
              121.3315404,
              24.9458719
            ],
            [
              121.331583,
              24.9458311
            ],
            [
              121.3316103,
              24.945773
            ],
            [
              121.3308051,
              24.9447856
            ],
            [
              121.3303465,
              24.9445334
            ],
            [
              121.3293508,
              24.9444135
            ],
            [
              121.3285676,
              24.9443842
            ],
            [
              121.3272514,
              24.9441604
            ],
            [
              121.3264494,
              24.9439273
            ],
            [
              121.3251743,
              24.9436756
            ],
            [
              121.3243309,
              24.943418
            ],
            [
              121.3231068,
              24.9427734
            ],
            [
              121.3226357,
              24.94249
            ],
            [
              121.3208625,
              24.9414916
            ],
            [
              121.31852,
              24.9402313
            ],
            [
              121.3177367,
              24.939725
            ],
            [
              121.3167184,
              24.9391145
            ],
            [
              121.3161577,
              24.9387769
            ],
            [
              121.31577,
              24.938474
            ]
          ]
        ]
      },
      "properties": {
        "name": "新北市鶯歌區",
        "display_name": "鶯歌區, 新北市, 臺灣",
        "osm_id": 2878930,
        "osm_type": "relation",
        "source": "OSM Nominatim"
      }
    }
  ]
}